lad16nm,index_left,Speed_limit,Latitude,Longitude,Day_of_Week,Number_of_Casualties,Number_of_Vehicles,Accident_Severity,time_of_day,Surface_Conditions_Dry,Surface_Conditions_Wet,Light_Conditions_Darkness,Light_Conditions_Daylight,Weather_Fine,Weather_Fog_mist,Weather_Other,Weather_Raining,Weather_Snowing,objectid,bng_e,bng_n,long,lat,st_areasha,st_lengths
Aberdeen City,487647272.0,20210.0,33721.195318,-1259.551179,2430.0,682.0,973.0,1622.0,7913.0,357.0,233.0,186.0,404.0,473.0,3.0,16.0,90.0,8.0,211220,228780170,477002020,-1300.3481823,33728.511887,16.271814991416612,940.6987554395143
Aberdeenshire,771937402.0,51050.0,53279.380484,-2158.219518,3781.0,1231.0,1485.0,2454.0,12408.0,425.0,505.0,254.0,676.0,690.0,4.0,10.0,184.0,42.0,333870,327625980,759136680,-2596.6063884,53228.2525674,874.4522914519806,9130.463333927364
Adur,115052345.0,5230.0,7015.197488,-41.092106,564.0,183.0,256.0,386.0,1905.0,103.0,35.0,36.0,102.0,114.0,0.0,5.0,19.0,0.0,33258,71492970,14693274,-44.75754,7016.71071654,0.739187872107024,91.08325501885415
Allerdale,381592585.0,23830.0,28386.292924,-1735.959921,2218.0,780.0,928.0,1470.0,7054.0,311.0,208.0,128.0,391.0,391.0,4.0,30.0,89.0,5.0,34254,164790804,276624405,-1702.8182815199998,28381.634504939997,91.02452343698911,2076.660262669205
Amber Valley,403829364.0,22710.0,29598.467721,-790.855784,2318.0,730.0,1042.0,1582.0,7609.0,349.0,209.0,145.0,413.0,400.0,2.0,60.0,90.0,6.0,40176,243380628,194230872,-815.90203674,29590.09222338,19.849473802782036,709.1982042990998
Angus,316694135.0,19670.0,22419.749628,-1098.329787,1567.0,524.0,641.0,1083.0,5329.0,219.0,177.0,108.0,288.0,322.0,2.0,4.0,57.0,11.0,144540,136825128,300799224,-1145.1884598000001,22463.02084356,127.01760830890917,1612.0238089675593
Antrim and Newtownabbey,0.0,0.0,0.0,0.0,0.0,0.0,0.0,0.0,0.0,0.0,0.0,0.0,0.0,0.0,0.0,0.0,0.0,0.0,327,130813,541285,-6.17759991,54.6938591,0.101367914408697,2.022490831466607
Ards and North Down,0.0,0.0,0.0,0.0,0.0,0.0,0.0,0.0,0.0,0.0,0.0,0.0,0.0,0.0,0.0,0.0,0.0,0.0,337,164321,524944,-5.64567995,54.56409073,0.07836436626509,2.033998921857052
Argyll and Bute,316576677.0,20400.0,22505.751322,-2050.138508,1609.0,573.0,641.0,1092.0,5248.0,177.0,224.0,90.0,311.0,264.0,1.0,11.0,117.0,8.0,144360,80496740,286892242,-2093.67710391,22572.06091271,405.579707563297,17193.804481993844
"Armagh City, Banbridge and Craigavon",0.0,0.0,0.0,0.0,0.0,0.0,0.0,0.0,0.0,0.0,0.0,0.0,0.0,0.0,0.0,0.0,0.0,0.0,328,112110,508158,-6.43454981,54.38669968,0.198370144323865,2.9575728400363
Arun,469820951.0,22000.0,28914.949053,-340.72463,2270.0,719.0,1069.0,1582.0,7613.0,402.0,167.0,156.0,413.0,476.0,1.0,22.0,66.0,4.0,137698,281737505,60156956,-369.83862569,28929.785528390003,16.05012730547844,1008.6843433361387
Ashfield,433052762.0,23660.0,31112.983329,-734.581084,2514.0,798.0,1073.0,1661.0,7978.0,383.0,203.0,150.0,436.0,478.0,5.0,15.0,77.0,11.0,113098,263720510,208523998,-734.97292586,31115.11702738,8.616224210820135,469.25757667929633
Ashford,622163299.0,35170.0,39374.444565,647.707163,3087.0,1080.0,1381.0,2194.0,10223.0,517.0,253.0,196.0,574.0,598.0,6.0,54.0,106.0,6.0,103180,460182800,108295880,633.9979569,39370.8380912,57.38725625527279,1322.7456043805312
Aylesbury Vale,623551495.0,37780.0,43300.405872,-713.396658,3409.0,1119.0,1504.0,2359.0,11146.0,566.0,269.0,223.0,612.0,705.0,11.0,35.0,79.0,5.0,47595,398570550,186222535,-732.6791000000001,43336.8166153,98.46105757736565,2370.4669586439063
Babergh,383647397.0,22660.0,25237.93365,457.52022900000003,2076.0,704.0,902.0,1374.0,6445.0,291.0,194.0,117.0,368.0,378.0,10.0,24.0,69.0,4.0,105730,290997090,118658645,444.3720253,25251.12655795,37.816607176569924,1085.4194048418908
Barking and Dagenham,646651456.0,29680.0,48150.138135,119.34721,3909.0,1169.0,1734.0,2705.0,12796.0,791.0,143.0,251.0,683.0,825.0,1.0,13.0,92.0,3.0,275530,511606906,172889938,120.95861334,48143.516408519994,4.370431268584932,428.0928043775894
Barnet,1480203558.0,66580.0,103566.912153,-424.262336,8171.0,2483.0,3672.0,5797.0,27738.0,1572.0,435.0,560.0,1447.0,1695.0,3.0,63.0,228.0,18.0,594072,1050608304,384848271,-437.94746999999995,103583.43790119,22.613984552847107,1160.278238626735
Barnsley,800757270.0,42820.0,59378.301862,-1627.838073,4614.0,1543.0,1978.0,3168.0,15389.0,779.0,330.0,285.0,824.0,876.0,7.0,61.0,154.0,11.0,302757,476846711,447289643,-1718.11826109,59360.07702252,49.49922127239774,1741.2930811767992
Barrow-in-Furness,177221731.0,8980.0,14343.780865,-851.86465,1075.0,334.0,471.0,767.0,3693.0,189.0,76.0,53.0,212.0,213.0,1.0,14.0,36.0,1.0,17755,85263750,125655315,-847.9363894,14351.7034528,2.84173102929756,360.3279078013584
Basildon,617748594.0,32310.0,41319.031432,382.571608,3264.0,1075.0,1527.0,2275.0,10753.0,549.0,252.0,243.0,558.0,667.0,7.0,32.0,86.0,9.0,79299,457809948,152869248,380.51906301,41323.87734273,11.428671203939125,658.9695589994589
Basingstoke and Deane,547321676.0,32530.0,35276.391806,-781.352304,2865.0,886.0,1236.0,1903.0,9252.0,445.0,243.0,192.0,496.0,560.0,7.0,17.0,94.0,10.0,80496,312701504,104179024,-839.50445248,35266.4458032,56.202292245047886,1166.0925153106366
Bassetlaw,438418355.0,27910.0,33484.272335,-645.23352,2586.0,879.0,1144.0,1738.0,8422.0,411.0,217.0,155.0,473.0,513.0,4.0,21.0,77.0,13.0,121832,293949844,241676380,-614.62358744,33507.5937166,54.05996011791505,1207.9577370560269
Bath and North East Somerset,530199531.0,26990.0,36882.537765,-1741.753506,2953.0,914.0,1306.0,2055.0,9490.0,497.0,221.0,205.0,513.0,567.0,8.0,40.0,94.0,9.0,15796,262943806,116315282,-1785.3357774400001,36873.6374021,32.55707179494508,1189.7130370566629
Bedford,625237562.0,30590.0,39786.844166,-352.297685,3091.0,1015.0,1400.0,2167.0,10342.0,528.0,235.0,180.0,583.0,637.0,11.0,29.0,82.0,4.0,41202,385865123,195681269,-346.88268237,39825.76273109,47.78786945338098,1168.6145230454542
Belfast,0.0,0.0,0.0,0.0,0.0,0.0,0.0,0.0,0.0,0.0,0.0,0.0,0.0,0.0,0.0,0.0,0.0,0.0,329,146465,529747,-5.92535019,54.59852982,0.019124992215061,0.798727211673631
Bexley,683663308.0,31100.0,50380.128053,135.634986,4121.0,1226.0,1736.0,2799.0,13360.0,742.0,237.0,284.0,695.0,831.0,2.0,17.0,124.0,5.0,290763,537668758,171748907,143.141548,50377.58758021,7.672245028225372,499.1763989647442
Birmingham,4055519566.0,181270.0,298751.502109,-10710.625212,23329.0,7799.0,10484.0,16332.0,79299.0,3937.0,1756.0,1638.0,4055.0,4326.0,15.0,533.0,771.0,48.0,1599733,2323597950,1635894936,-10710.86713,298791.63579183,201.8175004474584,7148.8706788329555
Blaby,347710460.0,22590.0,24925.491302,-568.109033,1894.0,647.0,924.0,1360.0,6380.0,309.0,165.0,117.0,357.0,374.0,3.0,34.0,62.0,1.0,74892,215378490,141249156,-568.26435156,24921.5267718,8.202997200506335,558.4587939442417
Blackburn with Darwen,635491669.0,28520.0,46263.621065,-2133.388993,3599.0,1221.0,1532.0,2449.0,12076.0,548.0,313.0,214.0,647.0,664.0,2.0,34.0,154.0,7.0,6888,318130890,364035966,-2121.15953112,46236.39039285,16.0620107816776,642.2893631553026
Blackpool,593442573.0,23200.0,41328.532818,-2331.073871,3162.0,1018.0,1373.0,2200.0,10621.0,548.0,220.0,201.0,567.0,631.0,2.0,16.0,116.0,3.0,6912,255561984,335334144,-2321.5411353599998,41334.996096,3.6563273591301115,299.85641875656194
Blaenau Gwent,156220930.0,7850.0,10821.039305,-669.076074,857.0,311.0,371.0,598.0,2934.0,133.0,76.0,61.0,148.0,148.0,1.0,17.0,42.0,1.0,80674,66511324,43215139,-665.85728,10816.510596979999,2.960103858823463,158.89705055357348
Bolsover,320615830.0,24110.0,24842.319161,-603.034058,1904.0,696.0,946.0,1333.0,6253.0,308.0,159.0,109.0,358.0,367.0,5.0,33.0,57.0,5.0,34091,209527022,173512916,-594.15475066,24862.49646482,10.079559618185323,516.7326880652629
Bolton,888947744.0,46280.0,74305.888901,-3397.373473,5632.0,1931.0,2577.0,3977.0,19013.0,897.0,490.0,401.0,986.0,1060.0,3.0,78.0,239.0,7.0,357846,510904224,568493851,-3439.0943509599997,74321.69002951,26.320886167347986,1361.7906963332266
Boston,324833620.0,16570.0,20922.366372,-14.122617,1691.0,545.0,711.0,1123.0,5299.0,266.0,129.0,99.0,296.0,311.0,3.0,33.0,45.0,3.0,65175,208106145,135861435,-44.3111,20926.286145949998,19.28304250279184,738.4107008848779
Bournemouth,801427927.0,29800.0,48807.918578,-1790.383522,4048.0,1164.0,1797.0,2763.0,13250.0,756.0,206.0,249.0,713.0,843.0,0.0,14.0,100.0,5.0,26936,394486378,90358736,-1788.01164152,48816.5568592,5.664896000534602,559.6435890645969
Bracknell Forest,346157650.0,18550.0,22821.678592,-331.923223,1847.0,602.0,828.0,1278.0,6009.0,294.0,150.0,123.0,321.0,366.0,1.0,13.0,61.0,3.0,15984,216747036,74943648,-325.73172,22826.61749304,6.275077439243292,321.70685538759614
Bradford,1847359949.0,83310.0,138673.212635,-4606.249042,10726.0,3804.0,4685.0,7348.0,36740.0,1791.0,786.0,756.0,1821.0,2215.0,10.0,26.0,297.0,29.0,742176,1052433915,1130339202,-4829.01463308,138755.52068682,128.98058479957982,4215.3331503972495
Braintree,465228470.0,29820.0,33047.197595,386.861065,2613.0,875.0,1167.0,1741.0,8704.0,409.0,228.0,198.0,439.0,495.0,8.0,38.0,92.0,4.0,63700,367710161,144812395,366.85530063,33070.708497190004,50.92364152228244,1230.9036926047913
Breckland,385018804.0,26020.0,28282.760821,458.886882,2208.0,759.0,964.0,1470.0,6955.0,329.0,209.0,133.0,405.0,439.0,11.0,28.0,54.0,6.0,92536,317966070,163191540,440.46920262,28295.685830039998,93.0852852567125,1521.572977516693
Brent,969069216.0,40890.0,68672.307497,-337.899551,5482.0,1606.0,2317.0,3822.0,18746.0,1071.0,261.0,407.0,925.0,1141.0,2.0,44.0,135.0,10.0,396936,692127180,248375376,-367.20577332,68683.79566512,7.46448382400688,607.9671138736635
Brentwood,331253246.0,21000.0,21990.128932,130.243072,1804.0,589.0,843.0,1199.0,5690.0,269.0,157.0,112.0,314.0,338.0,2.0,17.0,66.0,3.0,43026,237946560,83525820,123.57877026,21999.0996327,8.470676853427392,350.76963504689286
Bridgend,393746931.0,19560.0,25509.091028,-1783.322987,2044.0,714.0,914.0,1430.0,6676.0,355.0,140.0,140.0,355.0,377.0,2.0,35.0,81.0,0.0,188595,142679790,92004660,-1788.72705,25522.48769895,16.0949426359392,519.6900460569617
Brighton and Hove,1248263279.0,49810.0,78742.312201,-225.374817,6305.0,1911.0,2655.0,4363.0,20535.0,1193.0,356.0,368.0,1181.0,1328.0,5.0,55.0,155.0,6.0,66607,821402171,165509101,-233.57372549000002,78761.21138355,16.377581379016803,1072.6427782870169
"Bristol, City of",1695065463.0,66400.0,109097.598773,-5487.730769,8695.0,2561.0,3954.0,6078.0,28411.0,1572.0,548.0,632.0,1488.0,1699.0,5.0,122.0,288.0,6.0,48760,763178800,370673520,-5464.1304,109118.8368128,30.10442727831924,2705.5056911918045
Broadland,343515170.0,21130.0,24339.114456,611.081082,1970.0,663.0,859.0,1296.0,6227.0,291.0,171.0,128.0,334.0,387.0,5.0,16.0,46.0,8.0,79926,286377630,145949958,578.57737014,24345.6538248,33.907935391796926,1119.2952798487079
Bromley,1261656175.0,54450.0,92467.485597,33.673387,7332.0,2231.0,3226.0,5123.0,24408.0,1380.0,419.0,452.0,1347.0,1533.0,3.0,21.0,235.0,7.0,537901,975122764,298108692,70.603554,92419.43192678,34.86917388957404,1545.12975257012
Bromsgrove,307340322.0,19940.0,21886.459101,-846.630038,1645.0,588.0,798.0,1195.0,5713.0,282.0,136.0,120.0,298.0,345.0,3.0,7.0,56.0,7.0,103664,167133120,114421648,-837.5717218,21887.186637360002,11.975975739122715,552.7723386276688
Broxbourne,299728353.0,16030.0,20687.613455,-14.329366,1612.0,530.0,758.0,1155.0,5497.0,293.0,107.0,101.0,299.0,337.0,1.0,17.0,43.0,2.0,51200,213896800,81700400,-20.291999999999998,20688.319396,2.6781990276548,178.3391256933408
Broxtowe,370464520.0,18530.0,26215.987737,-620.568498,2023.0,661.0,921.0,1412.0,6963.0,332.0,163.0,136.0,359.0,400.0,5.0,18.0,68.0,4.0,96525,222665355,169237035,-623.42277525,26221.189153500003,5.310110151334396,374.34620059872157
Burnley,396677275.0,19720.0,29746.771241,-1248.143956,2317.0,808.0,992.0,1572.0,7780.0,334.0,219.0,146.0,407.0,447.0,2.0,15.0,86.0,3.0,80738,212841958,238277746,-1233.63235023,29737.0547929,8.34868879519442,379.8124265979395
Bury,513902011.0,26190.0,41038.530258,-1758.591462,3157.0,1098.0,1427.0,2199.0,10813.0,495.0,271.0,219.0,547.0,585.0,4.0,48.0,126.0,3.0,198394,290818028,314648288,-1768.54078468,41052.315749,10.344808128032788,610.4227025740001
Caerphilly,351276326.0,16090.0,22981.352316,-1426.30363,1868.0,638.0,775.0,1252.0,6063.0,312.0,133.0,119.0,326.0,346.0,2.0,23.0,70.0,4.0,171325,141174025,86890255,-1422.90086335,22984.254076200003,16.037851286042187,579.6188019380637
Calderdale,778246395.0,39490.0,58057.81262,-2023.564889,4620.0,1630.0,2031.0,3045.0,14773.0,743.0,338.0,330.0,751.0,915.0,1.0,17.0,132.0,16.0,312409,435228977,459312576,-2120.72743081,58071.84090147,53.59406683548297,1417.4184454136498
Cambridge,555570686.0,22390.0,37846.387726,96.957904,2987.0,826.0,1375.0,2089.0,10053.0,537.0,188.0,200.0,525.0,581.0,5.0,63.0,74.0,2.0,44225,395429500,186978225,91.6661,37845.12224225,3.8798946073249003,321.8236614812998
Camden,971458610.0,40820.0,70144.306057,-197.892469,5574.0,1504.0,2321.0,3880.0,18529.0,1094.0,267.0,425.0,936.0,1183.0,1.0,16.0,150.0,11.0,408300,717916612,250810524,-221.69329000000002,70150.1050683,3.84694386494259,409.81172877068406
Cannock Chase,336778705.0,16510.0,23978.510693,-910.391146,1843.0,616.0,881.0,1329.0,6401.0,294.0,161.0,119.0,336.0,358.0,1.0,22.0,70.0,4.0,95550,182573755,141756615,-902.1603363500001,23979.255372800002,4.776581331892825,263.38751442696105
Canterbury,548393604.0,28450.0,34625.498455,737.191899,2785.0,898.0,1246.0,1926.0,8604.0,471.0,204.0,143.0,532.0,549.0,5.0,21.0,93.0,7.0,91125,415817550,106714800,739.97345475,34614.69440625,26.85066372189765,1058.4970840628073
Cardiff,1064688884.0,46870.0,69678.128714,-4314.551442,5574.0,1875.0,2500.0,3931.0,18504.0,990.0,363.0,372.0,981.0,1050.0,1.0,80.0,217.0,5.0,518199,426560310,242034111,-4359.52842765,69682.93741827,24.94851593690861,1255.5188867344502
Carlisle,429502276.0,23640.0,32722.183829,-1738.956536,2492.0,819.0,1070.0,1710.0,8375.0,373.0,223.0,150.0,446.0,478.0,1.0,35.0,80.0,2.0,40528,207672624,336856220,-1673.0017940399998,32767.29307736,86.9351292734099,2040.5797826766866
Carmarthenshire,734249854.0,39950.0,46840.051139,-3762.557324,3732.0,1306.0,1656.0,2543.0,12064.0,574.0,330.0,197.0,707.0,671.0,4.0,48.0,169.0,12.0,341712,224150416,202616232,-3806.8344904000005,46913.03558648,279.9680597614432,5831.683016335645
Castle Point,258716799.0,12210.0,17784.859515,202.087254,1450.0,452.0,688.0,990.0,4707.0,263.0,82.0,94.0,251.0,305.0,1.0,12.0,25.0,2.0,35190,199924050,64832745,202.8889731,17788.75190685,2.013167063186175,285.0959275437592
Causeway Coast and Glens,0.0,0.0,0.0,0.0,0.0,0.0,0.0,0.0,0.0,0.0,0.0,0.0,0.0,0.0,0.0,0.0,0.0,0.0,330,106168,581420,-6.59959984,55.03961945,0.278749729879498,4.462455344968843
Central Bedfordshire,1050654906.0,62800.0,68139.219518,-629.239294,5329.0,1890.0,2530.0,3702.0,17400.0,872.0,439.0,377.0,934.0,1082.0,14.0,56.0,147.0,12.0,72105,661550265,307419012,-626.05492689,68170.72973277,122.83968065123481,3566.40501684145
Ceredigion,292032773.0,18210.0,19030.787238,-1507.935815,1490.0,545.0,689.0,1033.0,4911.0,213.0,151.0,86.0,278.0,273.0,3.0,25.0,60.0,3.0,136864,97233864,97711068,-1437.77814908,19036.45406936,85.72031681452403,1536.8668142621032
Charnwood,461519419.0,25270.0,31644.440725,-699.8863,2484.0,809.0,1131.0,1711.0,7996.0,394.0,206.0,162.0,438.0,466.0,5.0,43.0,76.0,10.0,95400,275019000,189693000,-682.164,31643.939208000003,22.287708771114602,819.2757935336825
Chelmsford,600661610.0,35180.0,40910.52101,389.013328,3259.0,1043.0,1467.0,2203.0,10492.0,523.0,268.0,208.0,583.0,625.0,9.0,48.0,100.0,9.0,81473,452542965,163714852,388.50992509,40922.409623830004,35.21668785055928,1119.0063840072473
Cheltenham,262658989.0,11160.0,17957.322051,-722.37286,1397.0,415.0,645.0,987.0,4533.0,247.0,99.0,78.0,268.0,288.0,1.0,10.0,44.0,3.0,38406,136644050,76892272,-718.0019034600001,17956.91876936,2.105304935292842,149.41162365553436
Cherwell,638755312.0,41300.0,42281.593373,-1022.639397,3331.0,1106.0,1507.0,2296.0,10823.0,538.0,276.0,199.0,615.0,664.0,14.0,36.0,96.0,4.0,162800,365731014,180057614,-1046.0388807,42236.1803116,62.6968167944807,2122.507082671918
Cheshire East,1648750468.0,101990.0,119045.690361,-5229.868536,9178.0,3208.0,4313.0,6224.0,29994.0,1352.0,886.0,591.0,1647.0,1774.0,9.0,60.0,373.0,22.0,107424,851581380,813427956,-5131.71155286,118989.8286828,351.07715725866353,7841.651172188755
Cheshire West and Chester,1480030958.0,90540.0,107685.960627,-5575.359675,8368.0,2854.0,3835.0,5629.0,27368.0,1356.0,667.0,458.0,1565.0,1679.0,5.0,65.0,262.0,12.0,99127,714315231,734642335,-5468.12862092,107549.4784938,249.4976212597577,7425.708910143539
Chesterfield,268480092.0,13640.0,20289.184785,-537.239786,1611.0,538.0,714.0,1093.0,5314.0,270.0,111.0,102.0,279.0,304.0,0.0,27.0,49.0,1.0,28194,167658669,142249779,-533.83814619,20290.440273750002,3.389348799538272,241.07494231004986
Chichester,551292486.0,33850.0,36588.785815,-542.014205,2882.0,988.0,1332.0,1998.0,9573.0,460.0,259.0,178.0,541.0,587.0,2.0,20.0,106.0,4.0,174717,352514915,83835400,-515.01970719,36627.13165935,72.33838560517061,1955.8282970199948
Chiltern,271530279.0,14970.0,18342.737261,-220.041744,1427.0,498.0,666.0,1008.0,4680.0,229.0,126.0,101.0,254.0,292.0,4.0,15.0,44.0,0.0,20590,175878360,70535660,-220.4975929,18346.01009285,9.0637716699437,353.9839856489507
Chorley,436646412.0,25720.0,32037.402173,-1579.123196,2448.0,939.0,1114.0,1662.0,8134.0,380.0,217.0,147.0,450.0,483.0,2.0,13.0,91.0,8.0,87759,214435833,250575228,-1563.6683699999999,32042.42365371,16.46207946805678,712.4002454631765
Christchurch,115083993.0,6330.0,7511.938114,-264.469085,623.0,209.0,283.0,427.0,2007.0,100.0,48.0,39.0,109.0,128.0,0.0,1.0,17.0,2.0,13024,61137764,14254324,-268.7236074,7513.40509028,0.951085744014056,107.75233429969633
City of Edinburgh,1685777207.0,69380.0,113166.213717,-6522.123514,8357.0,2425.0,3470.0,5766.0,27362.0,1389.0,634.0,547.0,1476.0,1607.0,8.0,88.0,301.0,19.0,730303,647750439,1354228568,-6631.91995977,113108.33743069,76.58680384046596,2818.156854153584
City of London,392720059.0,16440.0,28126.778542,-50.545856,2257.0,612.0,895.0,1547.0,7052.0,453.0,93.0,141.0,405.0,478.0,0.0,14.0,53.0,1.0,160524,290680572,99021468,-51.05646,28127.539581959998,0.20491348098585,59.99783423365258
Clackmannanshire,101285036.0,4900.0,6960.374268,-467.442572,481.0,168.0,203.0,346.0,1720.0,79.0,45.0,29.0,95.0,88.0,3.0,9.0,24.0,0.0,41912,36103716,86345540,-465.4265476,6962.2577215599995,2.850183118792676,148.86751101634866
Colchester,595933304.0,29860.0,38707.303314,658.351931,3021.0,956.0,1362.0,2079.0,9847.0,507.0,239.0,205.0,541.0,615.0,6.0,30.0,89.0,6.0,77584,445320224,166874232,641.39291092,38700.2497211,32.42532606862816,1808.9132985322422
Conwy,361882449.0,19180.0,23480.285416,-1651.964365,1737.0,625.0,784.0,1245.0,5870.0,273.0,168.0,75.0,366.0,340.0,1.0,2.0,91.0,7.0,164052,124932213,159889842,-1652.18884236,23437.99831086,66.9540445688096,1451.9143721131472
Copeland,287734622.0,17290.0,21901.776787,-1407.6847989999999,1677.0,573.0,737.0,1139.0,5319.0,248.0,154.0,81.0,321.0,302.0,7.0,19.0,71.0,3.0,27738,124970142,204513882,-1357.4093121600001,21895.40851668,41.063867429904775,1077.893019598463
Corby,150806632.0,7310.0,10602.896308,-141.752869,840.0,260.0,362.0,560.0,2783.0,141.0,61.0,73.0,129.0,167.0,1.0,5.0,27.0,2.0,36158,98548124,58717562,-142.7938,10606.4078289,2.14680876315446,161.11695447606837
Cornwall,2039941221.0,126170.0,134695.197886,-13128.234091,11033.0,3838.0,4838.0,7652.0,36064.0,1599.0,1076.0,509.0,2166.0,2103.0,35.0,85.0,442.0,10.0,136425,568440175,172521450,-12418.66050925,134954.364287,1200.4141614934397,34474.80797025891
Cotswold,337028532.0,21510.0,22590.647124,-833.012142,1828.0,645.0,836.0,1209.0,5806.0,274.0,162.0,106.0,330.0,348.0,4.0,13.0,62.0,9.0,48832,175326500,90779124,-859.17724,22572.83122448,66.22538715081663,1673.2882889746124
County Durham,1763660538.0,102940.0,130690.357732,-3834.585884,9929.0,3538.0,4335.0,6718.0,32178.0,1494.0,893.0,584.0,1803.0,1948.0,18.0,34.0,341.0,46.0,112189,979579447,1270461654,-4393.2735,130533.40786409,742.6868563726792,9170.643695377403
Coventry,915952095.0,42760.0,68350.41094,-1961.546117,5358.0,1746.0,2424.0,3729.0,18193.0,940.0,364.0,353.0,951.0,1030.0,2.0,118.0,148.0,6.0,367728,564380328,364714456,-1980.88037216,68348.1563764,16.998854836288984,838.237360397558
Craven,284717862.0,20060.0,21116.767219,-827.244042,1497.0,558.0,682.0,1056.0,5166.0,237.0,154.0,83.0,308.0,306.0,6.0,11.0,64.0,4.0,72726,152299974,180637699,-845.20904436,21135.020367229998,63.321908039804704,944.8789664693445
Crawley,354205083.0,17090.0,22443.18166,-79.521531,1776.0,573.0,829.0,1257.0,5812.0,292.0,147.0,104.0,335.0,360.0,1.0,11.0,61.0,6.0,107116,231085210,60398059,-85.74986561,22443.24700611,2.535600609802605,199.17156389262036
Croydon,1437872933.0,55490.0,94785.614679,-177.755618,7489.0,2273.0,3300.0,5329.0,24887.0,1386.0,459.0,489.0,1356.0,1546.0,6.0,41.0,243.0,9.0,555345,985086090,303954525,-143.19045,94770.2298528,20.607259416302654,1229.3510447605588
Dacorum,435289747.0,25370.0,30748.277795,-294.518953,2477.0,830.0,1174.0,1704.0,7989.0,368.0,226.0,163.0,431.0,486.0,2.0,30.0,71.0,5.0,76626,297049896,123994530,-327.28210218,30750.46030386,16.441827547272137,762.280248777084
Darlington,372990499.0,18680.0,27212.436399,-775.265199,2059.0,683.0,901.0,1439.0,6645.0,324.0,175.0,105.0,394.0,419.0,3.0,6.0,64.0,7.0,2495,213586471,257308851,-782.6066300399999,27213.140049200003,13.690277424866863,657.1611267681071
Dartford,651447540.0,36020.0,40120.543898,191.864896,3237.0,1100.0,1607.0,2267.0,10424.0,544.0,236.0,210.0,570.0,615.0,9.0,44.0,108.0,4.0,106080,433810260,134875260,191.31528,40118.3102424,7.33665397750662,504.50638188068746
Daventry,288884952.0,20220.0,19822.024942,-405.695582,1567.0,536.0,733.0,1006.0,5133.0,251.0,128.0,112.0,267.0,300.0,10.0,6.0,54.0,9.0,68220,177101394,101737623,-384.48412242000006,19825.467388859997,33.268020530411434,796.0466650309761
Denbighshire,318394223.0,17590.0,21391.029166,-1363.071651,1611.0,599.0,746.0,1136.0,5426.0,264.0,138.0,78.0,324.0,318.0,1.0,22.0,59.0,2.0,149946,124556886,142877232,-1345.73922,21341.50838664,45.235382259648276,1110.1639492900713
Derby,1015581150.0,45890.0,69899.941643,-1942.821166,5513.0,1726.0,2494.0,3797.0,17811.0,896.0,425.0,372.0,949.0,1031.0,6.0,110.0,162.0,12.0,19815,575439489,443030375,-1944.3666503700001,69900.23748492,13.777010512154906,796.0618395405387
Derbyshire Dales,357253160.0,23640.0,25980.365204,-815.197383,1924.0,687.0,924.0,1366.0,6604.0,281.0,208.0,108.0,381.0,369.0,7.0,35.0,69.0,9.0,36675,205231833,175303077,-834.7768144500001,25977.2743845,52.2525814725409,1384.881255925844
Derry City and Strabane,0.0,0.0,0.0,0.0,0.0,0.0,0.0,0.0,0.0,0.0,0.0,0.0,0.0,0.0,0.0,0.0,0.0,0.0,331,51779,559566,-7.42063999,54.80904007,0.174472215032942,3.31273783775635
Doncaster,1270018838.0,72230.0,95229.27671,-2006.563715,7309.0,2527.0,3321.0,5074.0,24221.0,1212.0,567.0,521.0,1258.0,1413.0,13.0,100.0,241.0,12.0,487446,816858093,718244565,-1972.80427779,95224.47946989,137.05681139491858,3704.4260558955607
Dover,302739962.0,16730.0,19197.488956,486.513392,1572.0,536.0,706.0,1069.0,5000.0,251.0,124.0,87.0,288.0,276.0,5.0,28.0,58.0,8.0,51375,235862625,56602500,478.8483825,19204.40197125,15.189388419766127,594.4256104310596
Dudley,690188751.0,33370.0,55536.071069,-2227.045018,4478.0,1486.0,1910.0,2972.0,14791.0,672.0,386.0,292.0,766.0,810.0,6.0,78.0,153.0,11.0,299414,415996078,305321872,-2223.60926464,55539.846090540006,13.716966025614536,891.4397266071111
Dumfries and Galloway,553628751.0,35330.0,37710.489869,-2572.749771,2811.0,924.0,1099.0,1868.0,8706.0,401.0,284.0,195.0,490.0,525.0,7.0,22.0,117.0,14.0,232215,185391825,397202045,-2759.6113993,37740.90940535,620.392938275587,8917.930971764843
Dundee City,248968466.0,9730.0,16999.156721,-893.219023,1216.0,371.0,521.0,844.0,4086.0,197.0,104.0,76.0,225.0,249.0,1.0,1.0,49.0,1.0,110166,102427591,220375645,-894.25591689,16999.757630099997,2.627469716674845,194.52441186221583
Ealing,1360888842.0,55910.0,91712.814614,-585.642779,7365.0,2215.0,3301.0,5144.0,24784.0,1452.0,328.0,563.0,1217.0,1534.0,10.0,44.0,186.0,6.0,537560,920361460,323888800,-559.0445822,91713.4841896,12.807451847858081,1033.879624543649
East Ayrshire,285055460.0,17510.0,20330.811793,-1620.350803,1499.0,478.0,607.0,1032.0,4853.0,192.0,174.0,94.0,272.0,261.0,0.0,15.0,81.0,9.0,124440,93475668,228726210,-1570.34853948,20311.80626538,66.0745305152411,1518.0233339284548
East Cambridgeshire,261920446.0,18300.0,18529.74902,102.007977,1448.0,511.0,608.0,972.0,4718.0,222.0,132.0,109.0,245.0,274.0,4.0,29.0,44.0,3.0,21948,196674258,97620810,100.23970554,18534.68939256,30.4076900191627,983.2403950518534
East Devon,496239509.0,28750.0,32058.373346,-2066.298064,2587.0,886.0,1113.0,1811.0,8394.0,389.0,243.0,118.0,514.0,494.0,2.0,24.0,108.0,4.0,50560,198305800,60706760,-2037.44789472,32078.83383304,65.62364957163335,1592.7063295472678
East Dorset,339718589.0,19330.0,21852.027304,-831.164317,1781.0,621.0,851.0,1192.0,5637.0,301.0,129.0,106.0,324.0,374.0,1.0,5.0,50.0,0.0,38270,172724550,47285380,-850.2819784999999,21882.343788,19.47364168640714,681.3994280948216
East Dunbartonshire,174274506.0,7910.0,12249.275208,-931.600326,891.0,283.0,376.0,616.0,3016.0,119.0,100.0,51.0,168.0,157.0,1.0,10.0,51.0,0.0,80592,57211560,148077726,-925.0932759899999,12254.865531899999,5.49550934436732,276.4304994308104
East Hampshire,351800896.0,20610.0,22008.51157,-402.323681,1794.0,554.0,760.0,1183.0,5726.0,279.0,152.0,122.0,309.0,348.0,5.0,7.0,69.0,2.0,50858,204468124,55701147,-405.01501862000003,22005.84780512,28.454197274891836,707.811538771489
East Hertfordshire,426989781.0,27480.0,30168.580469,3.380991,2428.0,830.0,1075.0,1644.0,7610.0,356.0,226.0,156.0,426.0,468.0,1.0,32.0,77.0,4.0,148992,313113090,128255340,1.594098,30185.34217038,36.13325658790119,908.9886179764436
East Lindsey,666551791.0,41370.0,45731.749425,70.799567,3389.0,1248.0,1436.0,2389.0,11419.0,498.0,361.0,212.0,647.0,644.0,13.0,50.0,133.0,19.0,142594,459446458,323075054,17.651591,45754.490292860006,204.15686384663294,3132.262466336937
East Lothian,236352677.0,13350.0,16564.12917,-849.567405,1218.0,382.0,472.0,833.0,3910.0,181.0,115.0,66.0,230.0,223.0,0.0,17.0,52.0,4.0,100936,105036784,199015896,-806.40759408,16558.85272296,28.917439411044935,742.0954411417629
East Northamptonshire,170439122.0,11020.0,12469.937916,-132.342834,1005.0,321.0,444.0,641.0,3238.0,167.0,71.0,71.0,167.0,206.0,1.0,2.0,28.0,1.0,43078,119319872,68505682,-121.18959524,12490.02381032,16.0459734915655,454.21423909905764
East Renfrewshire,180784210.0,8580.0,12719.94381,-992.777355,929.0,285.0,377.0,647.0,3120.0,120.0,108.0,58.0,170.0,157.0,0.0,13.0,53.0,5.0,77976,57439812,148910220,-994.2167977199999,12710.69906508,5.6846562938692085,267.9859797283617
East Riding of Yorkshire,1093670424.0,62250.0,76099.334427,-617.68091,5848.0,2090.0,2537.0,3891.0,19069.0,925.0,488.0,326.0,1087.0,1201.0,13.0,28.0,147.0,24.0,15543,689616063,626818104,-935.44836174,76134.16636101001,464.7286700791705,8768.167831912207
East Staffordshire,467357107.0,25660.0,32599.304547,-1058.549108,2408.0,843.0,1169.0,1790.0,8304.0,388.0,229.0,182.0,435.0,494.0,4.0,31.0,83.0,5.0,130187,254574817,201493073,-1119.47249085,32600.1264849,32.12882173159013,1346.7729195063596
Eastbourne,202634282.0,9080.0,13713.180753999999,76.361821,1140.0,353.0,513.0,756.0,3720.0,200.0,70.0,62.0,208.0,225.0,0.0,10.0,35.0,0.0,25380,151024770,26893350,69.84873,13709.0155779,1.51953547764501,109.0953301168285
Eastleigh,509665002.0,26800.0,33314.068446,-875.922483,2640.0,845.0,1276.0,1878.0,8817.0,461.0,193.0,169.0,485.0,536.0,2.0,23.0,91.0,2.0,77826,292470108,76388508,-869.44720692,33320.46223908,6.677400952792152,541.728655843547
Eden,249073751.0,20480.0,20378.928183,-994.108025,1538.0,512.0,628.0,1041.0,4888.0,219.0,154.0,93.0,280.0,280.0,6.0,15.0,62.0,10.0,26110,134144228,196345708,-979.7889511899999,20377.38880414,111.92316855736449,1221.745629017929
Elmbridge,503034908.0,22830.0,32824.372408,-251.746904,2599.0,861.0,1237.0,1824.0,8605.0,465.0,174.0,184.0,455.0,483.0,3.0,78.0,72.0,3.0,143775,327092598,104577462,-252.02799639,32819.666852610004,7.943630843122064,385.50897921993595
Enfield,1338532077.0,58330.0,88819.119021,-136.884673,7220.0,2232.0,3206.0,4972.0,23701.0,1374.0,346.0,499.0,1221.0,1477.0,4.0,61.0,164.0,14.0,521160,916465880,337458840,-140.1284,88836.0736,18.359808120922562,855.8261265170605
Epping Forest,562475274.0,35910.0,38817.959937,74.187212,3215.0,1005.0,1463.0,2093.0,9853.0,495.0,256.0,227.0,524.0,596.0,6.0,34.0,108.0,7.0,78855,412238169,153022258,115.764397,38836.30637144,33.10692685127112,1062.3433397612946
Epsom and Ewell,242278540.0,9550.0,15247.972817,-77.348463,1266.0,396.0,539.0,833.0,3801.0,211.0,86.0,88.0,209.0,228.0,1.0,32.0,32.0,4.0,67122,154789272,47958075,-77.73084,15247.81689948,1.307564159350185,93.82203015991581
Erewash,347716452.0,17460.0,23289.431553,-578.918992,1841.0,571.0,853.0,1240.0,6007.0,313.0,127.0,127.0,313.0,333.0,2.0,45.0,57.0,3.0,33440,195237240,148747720,-594.3960219999999,23292.808836,6.45119860143704,386.9936438626091
Exeter,370080976.0,17010.0,24751.809612,-1714.205368,1955.0,571.0,917.0,1416.0,6609.0,364.0,124.0,103.0,385.0,420.0,2.0,11.0,55.0,0.0,39528,143099168,44897464,-1714.69537952,24750.286468320002,2.923684295502096,262.9884942555984
Falkirk,392017805.0,19760.0,26489.713604,-1788.069846,1985.0,604.0,831.0,1326.0,6484.0,276.0,197.0,117.0,356.0,328.0,3.0,34.0,102.0,6.0,162712,137009653,321420528,-1783.49383784,26486.12708082,20.25036548648452,889.693811153185
Fareham,428331058.0,20350.0,27155.715751,-640.991281,2201.0,661.0,1036.0,1512.0,7154.0,386.0,148.0,127.0,407.0,451.0,1.0,6.0,76.0,0.0,64080,242315316,56777016,-660.78225864,27155.99938362,5.064474466997328,390.11102732335274
Fenland,389503375.0,23210.0,27975.813706,45.069955,2195.0,727.0,954.0,1489.0,7052.0,354.0,178.0,146.0,386.0,414.0,9.0,51.0,57.0,1.0,33516,285344052,156918188,4.796512,27948.85330328,38.53666145455362,1196.9163862489906
Fermanagh and Omagh,0.0,0.0,0.0,0.0,0.0,0.0,0.0,0.0,0.0,0.0,0.0,0.0,0.0,0.0,0.0,0.0,0.0,0.0,332,41233,513013,-7.52710009,54.38520813,0.416102131449615,5.216011887631477
Fife,756776824.0,41450.0,53361.799232,-3038.096706,3901.0,1255.0,1633.0,2631.0,13214.0,557.0,393.0,266.0,684.0,751.0,8.0,42.0,132.0,17.0,327750,322237150,669489700,-2833.2326045,53419.6121175,182.4043392307388,4141.980425193193
Flintshire,512347234.0,27350.0,33360.668304,-1949.37807,2499.0,897.0,1130.0,1773.0,8558.0,407.0,220.0,162.0,465.0,501.0,2.0,36.0,83.0,5.0,234498,201620628,231552981,-1991.3833186499999,33365.79313716,36.912746139146556,1518.2481317450101
Forest Heath,264356546.0,16280.0,18158.530886,175.26364,1477.0,514.0,686.0,967.0,4534.0,221.0,126.0,86.0,261.0,274.0,4.0,20.0,44.0,5.0,75993,198593652,94934342,183.07928546999997,18159.65828199,17.28996650937176,605.755999487518
Forest of Dean,224083489.0,13960.0,16217.35304,-780.89002,1217.0,442.0,583.0,864.0,4308.0,198.0,115.0,85.0,228.0,253.0,3.0,6.0,44.0,7.0,35369,114925775,66593567,-775.4731593900001,16217.30891928,21.4954611682058,678.1050285291743
Fylde,256849633.0,15670.0,18504.625772,-1005.229504,1380.0,520.0,654.0,974.0,4423.0,226.0,118.0,83.0,261.0,283.0,1.0,10.0,46.0,4.0,50912,116809328,149231328,-1004.14285936,18506.20242408,7.776815488849384,431.14337876557477
Gateshead,602681941.0,32220.0,45817.992676,-1349.918115,3483.0,1181.0,1587.0,2393.0,11468.0,556.0,278.0,205.0,629.0,694.0,5.0,12.0,109.0,14.0,244362,350420112,466754772,-1406.7912000000001,45812.61923208,16.650987273799842,925.98687005497
Gedling,377697449.0,17950.0,26608.086542,-562.413412,2090.0,667.0,921.0,1418.0,6794.0,318.0,184.0,157.0,345.0,408.0,3.0,13.0,73.0,5.0,98392,230510368,174601122,-561.7731650999999,26618.21947316,8.070705852340529,415.1754639180834
Glasgow City,2056288958.0,84160.0,143112.619496,-10910.946132,10744.0,3206.0,4369.0,7261.0,35659.0,1511.0,1051.0,778.0,1784.0,1907.0,4.0,78.0,554.0,19.0,945378,670050108,1708938546,-10798.291646939999,143155.5713511,64.22199640552269,4458.021601843016
Gloucester,300925781.0,12830.0,20637.69353,-890.935547,1653.0,487.0,749.0,1132.0,5504.0,285.0,113.0,89.0,309.0,342.0,0.0,18.0,36.0,2.0,45372,152860258,86146702,-888.5867439799999,20634.870718320002,2.106371604642324,155.8647128249848
Gosport,183230298.0,7550.0,11991.410011,-273.469689,991.0,276.0,437.0,664.0,3248.0,166.0,70.0,71.0,165.0,202.0,0.0,3.0,31.0,0.0,28556,108270428,23858184,-275.47100944000005,11990.31317064,0.7638058987123599,105.60157304450054
Gravesham,459991018.0,22130.0,27973.421423,203.825714,2255.0,715.0,1019.0,1574.0,7152.0,383.0,161.0,152.0,392.0,431.0,4.0,41.0,62.0,6.0,75072,308431136,91998560,216.91673056,27959.69579872,6.960632379398272,371.2176617612437
Great Yarmouth,193779170.0,9850.0,13730.912549,444.688349,1071.0,358.0,488.0,754.0,3526.0,194.0,67.0,69.0,192.0,228.0,1.0,12.0,18.0,2.0,45414,168804360,82445202,430.51844556000003,13750.62804765,6.039258025300587,413.82795123933624
Greenwich,768908293.0,34330.0,56412.349533,55.937617,4624.0,1350.0,1913.0,3138.0,14903.0,838.0,258.0,304.0,792.0,939.0,3.0,8.0,141.0,5.0,333184,594588768,192765576,54.918368,56404.498779040005,6.708567338868072,600.8841042617772
Guildford,911279399.0,49340.0,58684.833126,-663.582257,4751.0,1628.0,2187.0,3288.0,15266.0,790.0,355.0,350.0,795.0,885.0,10.0,96.0,148.0,6.0,259915,572967160,173445745,-644.1426271,58685.43874205,39.96410539396505,1678.0037570447719
Gwynedd,345994347.0,21410.0,22612.899114,-1747.107217,1767.0,665.0,745.0,1181.0,5965.0,278.0,149.0,80.0,347.0,329.0,3.0,17.0,71.0,7.0,158417,118692336,143030909,-1629.2568873,22587.556255670002,145.32070490035647,2884.6642422835685
Hackney,1185953190.0,49220.0,84175.483677,-112.253668,6575.0,1859.0,2835.0,4668.0,22349.0,1349.0,284.0,525.0,1108.0,1447.0,2.0,23.0,156.0,5.0,498065,872936480,303390171,-98.71485,84189.1846866,4.033534101084474,490.0768392773358
Halton,401349914.0,20690.0,28650.174726,-1463.650535,2236.0,765.0,963.0,1534.0,7213.0,355.0,182.0,136.0,401.0,440.0,5.0,8.0,81.0,3.0,3222,190230102,205212402,-1443.74059389,28640.48685852,5.735445933453147,511.7003045534042
Hambleton,366949310.0,27610.0,27742.435416,-694.070786,2040.0,776.0,946.0,1392.0,6759.0,339.0,172.0,117.0,394.0,420.0,8.0,12.0,58.0,13.0,95557,226377599,250669006,-684.99037978,27751.75573604,92.497647205855,1838.7541057735068
Hammersmith and Fulham,810838689.0,34680.0,58556.216309,-253.532998,4624.0,1339.0,2019.0,3247.0,15652.0,909.0,228.0,352.0,785.0,967.0,3.0,18.0,142.0,7.0,347922,595635642,202383726,-247.13832,58541.13916698001,2.411674957392483,302.2152568432138
Harborough,329275919.0,23960.0,23419.862465,-486.579266,1798.0,639.0,842.0,1257.0,6017.0,274.0,172.0,114.0,332.0,335.0,8.0,26.0,69.0,8.0,71360,211648854,131068250,-402.42133554,23431.79577574,35.035373110999686,949.9037511550181
Haringey,1287440506.0,49050.0,83985.029958,-159.54463,6638.0,1934.0,2833.0,4643.0,22605.0,1353.0,275.0,482.0,1146.0,1418.0,2.0,35.0,167.0,6.0,499796,864894536,308260172,-173.65876,83984.79404523999,6.251938383983732,569.884640711268
Harlow,199899056.0,9310.0,12838.499195,26.832274,1030.0,311.0,466.0,705.0,3446.0,192.0,56.0,60.0,188.0,214.0,0.0,7.0,27.0,0.0,26288,135228448,51978072,25.764224,12838.00271504,0.986001215884752,83.35243558779064
Harrogate,755552867.0,47210.0,52723.182488,-1474.130974,3990.0,1409.0,1840.0,2697.0,12935.0,651.0,325.0,243.0,733.0,839.0,3.0,22.0,100.0,12.0,183488,417213648,453500352,-1543.65132096,52779.229855519996,175.44807629856166,2978.1467683141195
Harrow,639080384.0,27450.0,47000.55709,-301.583447,3698.0,1130.0,1623.0,2613.0,12473.0,700.0,211.0,268.0,643.0,767.0,0.0,39.0,100.0,5.0,280588,469489316,172849496,-306.12333911,47002.74376874,5.963877736971639,361.93256613389605
Hart,331600497.0,18770.0,21596.216286,-362.931314,1791.0,543.0,791.0,1183.0,5617.0,287.0,134.0,131.0,290.0,352.0,1.0,8.0,56.0,4.0,51362,201231685,64935040,-371.83141,21589.709782579997,11.682639786630604,381.8860645840736
Hartlepool,209033338.0,9850.0,15146.156789,-340.278819,1168.0,438.0,504.0,783.0,3772.0,204.0,73.0,67.0,210.0,242.0,0.0,1.0,29.0,5.0,277,123862489,147218852,-351.85372385000005,15145.29601807,3.612362316086219,243.59967357304623
Hastings,261151671.0,9760.0,16124.701193,179.034451,1315.0,413.0,586.0,889.0,4257.0,234.0,83.0,87.0,230.0,265.0,0.0,11.0,39.0,2.0,30115,184366883,35106165,183.67898349,16125.0544332,1.203229056004278,130.506203247676
Havant,390926758.0,18170.0,25786.067816,-507.340261,2128.0,624.0,952.0,1440.0,6936.0,381.0,126.0,127.0,380.0,433.0,1.0,8.0,59.0,6.0,62361,238379739,55041441,-509.02797465000003,25792.25568933,3.583276522962162,549.9879632057854
Havering,726673485.0,37600.0,55331.156346,226.656483,4395.0,1403.0,1990.0,3071.0,14495.0,836.0,237.0,287.0,786.0,925.0,3.0,29.0,104.0,12.0,331557,595549336,201202522,252.54986399999999,55329.44818328,15.626952914486596,787.8195825861899
"Herefordshire, County of",676238432.0,43890.0,48061.772467,-2490.432499,3781.0,1317.0,1634.0,2596.0,12153.0,585.0,338.0,242.0,681.0,769.0,8.0,9.0,121.0,16.0,17537,322527582,224135782,-2528.3831576899997,48071.260635449995,264.0580092789626,3751.5926766735815
Hertsmere,490508688.0,32990.0,33692.383703,-179.999655,2648.0,984.0,1348.0,1861.0,8695.0,436.0,216.0,185.0,467.0,524.0,8.0,22.0,96.0,2.0,84760,338892648,129977504,-175.38148652,33695.4696338,8.569932617580545,467.4860632781214
High Peak,354653485.0,19440.0,24815.154435,-889.773134,1899.0,656.0,826.0,1291.0,6224.0,274.0,191.0,127.0,338.0,342.0,4.0,38.0,68.0,13.0,35805,190870410,180261900,-857.4506767500001,24824.3452827,33.938045417741726,865.2011128133445
Highland,683364767.0,45080.0,49428.068603,-3753.827185,3497.0,1241.0,1346.0,2334.0,11698.0,440.0,419.0,209.0,650.0,567.0,4.0,58.0,193.0,37.0,297214,207041334,737284854,-4003.7218016700003,49466.965851,3373.1302737490514,53940.12671632368
Hillingdon,1136889856.0,54410.0,81211.052577,-688.180198,6533.0,2025.0,2944.0,4540.0,21622.0,1237.0,339.0,462.0,1114.0,1349.0,2.0,42.0,174.0,9.0,488560,800869616,288597120,-696.30832,81221.72686272001,23.641647017860144,1130.721850501847
Hinckley and Bosworth,348142298.0,22000.0,25406.387882,-653.607802,2005.0,631.0,890.0,1383.0,6425.0,299.0,184.0,124.0,359.0,363.0,5.0,40.0,73.0,2.0,77763,212296854,145566057,-684.67663551,25410.03516618,19.069173111151926,650.6166160274291
Horsham,463516653.0,27560.0,29485.224864,-203.890764,2303.0,768.0,1064.0,1606.0,7721.0,382.0,196.0,137.0,441.0,469.0,3.0,17.0,83.0,6.0,141610,296904728,71578942,-220.35094,29479.56547832,39.25834260504853,1386.857492855496
Hounslow,1438704161.0,61660.0,97749.225866,-677.264104,7749.0,2382.0,3583.0,5465.0,26055.0,1498.0,401.0,516.0,1383.0,1630.0,9.0,37.0,216.0,7.0,590589,973700856,332258535,-718.65754101,97727.15276595,13.75437003388784,1367.803016895953
Huntingdonshire,590335371.0,41500.0,42928.492637,-158.405196,3353.0,1101.0,1445.0,2313.0,10244.0,554.0,266.0,209.0,611.0,653.0,11.0,70.0,75.0,11.0,52480,427228200,224902220,-184.2293918,42929.5981618,98.7794739978133,2151.996035992154
Hyndburn,330846748.0,16110.0,23707.686574,-1053.211672,1779.0,625.0,788.0,1246.0,6107.0,259.0,182.0,97.0,344.0,322.0,2.0,14.0,93.0,10.0,65709,165113487,189176211,-1053.83127969,23706.60819597,4.388930268361632,223.01921290864252
Inverclyde,221529125.0,9700.0,15159.104895,-1286.646255,1159.0,353.0,464.0,777.0,3645.0,129.0,142.0,66.0,205.0,185.0,1.0,10.0,70.0,5.0,94037,61766862,181813629,-1288.29877271,15148.99448686,6.301113871688618,273.35597597680004
Ipswich,367555266.0,14080.0,23424.678648,522.128291,1858.0,551.0,846.0,1294.0,6244.0,335.0,115.0,111.0,339.0,380.0,2.0,23.0,38.0,7.0,99000,277629300,110101500,523.470159,23426.0633475,2.32985865086325,236.0116598949747
Isle of Anglesey,161435871.0,10210.0,11613.878437,-952.9091530000001,918.0,321.0,378.0,596.0,2839.0,143.0,75.0,61.0,157.0,179.0,1.0,7.0,30.0,1.0,80660,53458396,82479428,-942.3943429400001,11614.91998228,20.988132815031516,889.7597517815182
Isle of Wight,455609791.0,24490.0,29952.679814,-740.434324,2379.0,829.0,1025.0,1651.0,7712.0,425.0,166.0,128.0,463.0,521.0,0.0,9.0,59.0,2.0,27186,264286926,50796450,-788.16939045,29946.73769718,28.596183833901293,1294.1781779823584
Isles of Scilly,1201038.0,210.0,199.670674,-25.225094,23.0,4.0,6.0,12.0,39.0,2.0,2.0,1.0,3.0,2.0,0.0,1.0,1.0,0.0,208,365308,45788,-25.2086792,199.69328308,0.008195739516564,4.836110582070296
Islington,842126752.0,32530.0,56544.794079,-120.80588,4548.0,1249.0,1912.0,3151.0,15607.0,897.0,200.0,351.0,746.0,937.0,2.0,35.0,119.0,4.0,342264,582680326,202557759,-120.58224,56545.39026554,2.109687751349113,257.88116321636693
Kensington and Chelsea,674900500.0,29230.0,50158.560969,-182.079393,4054.0,1104.0,1686.0,2782.0,13544.0,803.0,171.0,279.0,695.0,869.0,0.0,12.0,88.0,5.0,304862,512087318,174397622,-184.82624,50157.533426860005,1.53099921725248,235.14566049277917
Kettering,291593409.0,16030.0,20020.045399,-284.600479,1573.0,525.0,729.0,1051.0,5041.0,254.0,128.0,87.0,295.0,327.0,4.0,3.0,46.0,2.0,69524,184836812,108049464,-293.27286000000004,20031.02153912,11.791017703461533,444.2510205047587
King's Lynn and West Norfolk,524477281.0,31230.0,35486.136543,289.24547,2730.0,1004.0,1278.0,1895.0,9194.0,436.0,237.0,187.0,486.0,555.0,8.0,24.0,74.0,12.0,117775,384431060,212536765,358.88264746,35475.734314069996,128.74284877015114,3366.0889138260163
"Kingston upon Hull, City of",997337608.0,39420.0,69293.363105,-444.129372,5376.0,1611.0,2377.0,3665.0,17489.0,949.0,340.0,318.0,971.0,1145.0,3.0,5.0,127.0,9.0,12890,659831366,556481924,-391.59818711,69309.26014785,12.55444988941531,1008.2149227421891
Kingston upon Thames,631135670.0,25510.0,41732.750055,-232.759757,3276.0,974.0,1492.0,2324.0,11106.0,666.0,146.0,210.0,602.0,698.0,1.0,30.0,82.0,1.0,254968,421840496,135919868,-230.34004811999998,41731.083187079996,3.909767298264828,328.61004941375654
Kirklees,1361843120.0,63210.0,101326.926999,-3252.214799,7773.0,2725.0,3492.0,5361.0,25728.0,1287.0,601.0,575.0,1313.0,1607.0,9.0,19.0,237.0,16.0,547520,782738368,785829024,-3362.2448944,101276.71936096,104.81585613193357,2899.916605657055
Knowsley,465592881.0,25210.0,35691.739025,-1904.291616,2755.0,1001.0,1274.0,1892.0,9275.0,450.0,218.0,157.0,511.0,533.0,4.0,22.0,100.0,9.0,179024,230301016,263043704,-1892.4238932,35696.50482196,7.818634196755616,540.7585818722889
Lambeth,1272096976.0,52170.0,89435.577689,-200.577953,7218.0,2008.0,3051.0,4974.0,23184.0,1412.0,326.0,507.0,1231.0,1531.0,2.0,27.0,175.0,3.0,547470,923083084,305237988,-197.87130000000002,89445.16251616001,6.024282625333412,648.7473398369359
Lancaster,566020995.0,29680.0,39955.167323,-2059.523373,2969.0,1093.0,1338.0,2050.0,10043.0,514.0,225.0,189.0,550.0,623.0,1.0,16.0,94.0,5.0,110850,263746144,343626132,-1965.9617147800002,39964.38839739,58.471575550731835,2745.6022687100176
Leeds,2935399960.0,146270.0,219407.947901,-6327.637025,16938.0,5743.0,7506.0,11610.0,55706.0,3018.0,1060.0,1125.0,2953.0,3574.0,3.0,62.0,408.0,31.0,1186698,1763849184,1779573952,-6147.013998439999,219489.09709956,307.2394297310529,8049.332451283449
Leicester,1422396105.0,55400.0,94848.937961,-2034.626602,7473.0,2345.0,3379.0,5238.0,25173.0,1287.0,515.0,469.0,1333.0,1412.0,2.0,138.0,235.0,15.0,28832,827020692,548878388,-2036.98069188,94849.93050696,17.563418510381794,1095.1711003009582
Lewes,351183259.0,19590.0,22989.78282,2.897477,1882.0,631.0,840.0,1256.0,6090.0,319.0,133.0,109.0,343.0,377.0,0.0,21.0,51.0,3.0,43392,244746248,47769620,3.467292,22976.70057872,16.867014235979138,853.2868128488188
Lewisham,791606929.0,32160.0,55161.571378,-26.45852,4501.0,1271.0,1908.0,3077.0,14356.0,866.0,206.0,279.0,793.0,931.0,4.0,21.0,109.0,7.0,338752,576617008,185824768,-18.57776,55146.15667376,4.878511992634656,508.6202092325016
Lichfield,390066564.0,24570.0,27970.029647,-973.127502,2158.0,733.0,1016.0,1550.0,7104.0,344.0,187.0,130.0,401.0,439.0,7.0,12.0,68.0,5.0,112572,221046273,165123477,-934.82015814,27981.65656863,23.393097004501026,813.1873223374431
Lincoln,399001871.0,15880.0,25440.51984,-262.817519,2042.0,606.0,882.0,1391.0,6617.0,350.0,128.0,123.0,355.0,396.0,6.0,23.0,51.0,2.0,79826,237253866,176905888,-266.95344955999997,25438.78313524,2.29383591078034,196.74394570182724
Lisburn and Castlereagh,0.0,0.0,0.0,0.0,0.0,0.0,0.0,0.0,0.0,0.0,0.0,0.0,0.0,0.0,0.0,0.0,0.0,0.0,333,138712,518920,-6.03544998,54.49752045,0.070724613152035,2.03826256310761
Liverpool,1850847196.0,81830.0,140791.706127,-7737.207086,10883.0,3987.0,4831.0,7494.0,36322.0,1892.0,744.0,706.0,1930.0,2143.0,8.0,113.0,357.0,15.0,709084,894555596,1029497708,-7680.355092719999,140784.27481964,39.84777514069978,1961.0788058959045
Luton,737718228.0,30890.0,47272.068954,-395.405011,3725.0,1193.0,1735.0,2632.0,12616.0,653.0,258.0,259.0,652.0,772.0,7.0,30.0,96.0,6.0,29152,463340066,202751249,-385.52609,47272.72079603,5.159365216252461,381.40662980981875
Maidstone,737991382.0,38930.0,45978.134274000004,488.95868,3741.0,1203.0,1671.0,2584.0,11915.0,616.0,281.0,236.0,661.0,718.0,10.0,43.0,116.0,10.0,124683,520698633,136047990,523.90274391,45958.38751335,45.403326880291424,1291.0006550804715
Maldon,191034046.0,12250.0,13237.976448,182.579615,1071.0,342.0,441.0,707.0,3250.0,162.0,94.0,63.0,193.0,205.0,0.0,11.0,36.0,4.0,27392,151413760,54322944,198.107392,13254.58203136,11.934700133142272,829.1315876381286
Malvern Hills,288771063.0,17440.0,20444.909795,-904.745313,1606.0,561.0,718.0,1116.0,5250.0,255.0,137.0,107.0,285.0,337.0,2.0,1.0,43.0,9.0,97608,147966280,98861224,-913.70885648,20449.6912228,29.745171386116034,1041.8790805124488
Manchester,2049373235.0,95970.0,164344.21239,-6857.730124,12652.0,4272.0,5638.0,8811.0,42706.0,2055.0,1019.0,979.0,2095.0,2354.0,10.0,164.0,524.0,22.0,799240,1182232734,1220571662,-6866.055321860001,164367.05346304,48.09453632617377,3120.482893538239
Mansfield,334778242.0,15950.0,24982.170872,-556.231013,1936.0,621.0,837.0,1340.0,6433.0,323.0,147.0,122.0,348.0,379.0,2.0,19.0,63.0,7.0,92590,213872090,170909390,-553.6788141,24988.5042551,4.84511801982147,291.10961006964305
Medway,909542658.0,38300.0,56312.313164,583.663347,4550.0,1404.0,2001.0,3174.0,15053.0,793.0,303.0,299.0,797.0,925.0,4.0,19.0,137.0,11.0,38360,633714872,192014816,617.237608,56386.688110480005,27.39685686845252,2381.797163834392
Melton,176930539.0,10470.0,12086.861445,-203.140745,989.0,313.0,385.0,646.0,3077.0,127.0,102.0,56.0,173.0,165.0,4.0,19.0,40.0,1.0,37098,109308112,74075088,-195.65759541999998,12091.95371228,14.693971632284061,369.2897639762589
Mendip,351013342.0,21410.0,24015.46801,-1187.713449,1887.0,669.0,870.0,1312.0,6406.0,310.0,159.0,124.0,345.0,376.0,6.0,27.0,59.0,1.0,96145,169889622,67578210,-1192.09481531,24010.34214453,44.62973782583917,1091.4837249371192
Merthyr Tydfil,157635787.0,9110.0,11174.410073,-726.25448,925.0,348.0,403.0,609.0,3031.0,140.0,76.0,65.0,151.0,155.0,6.0,10.0,43.0,2.0,84456,66077856,44587584,-726.6779870400001,11177.69348088,3.14750831440284,157.73993720587583
Merton,859594657.0,33500.0,56965.659166,-203.16055,4640.0,1343.0,2015.0,3182.0,15350.0,894.0,214.0,319.0,789.0,963.0,3.0,27.0,111.0,4.0,351236,582884452,187813756,-209.04634892,56962.90960992,5.387910464227944,423.2685745051358
Mid Devon,256337456.0,17030.0,17142.659926,-1180.497363,1351.0,453.0,609.0,957.0,4295.0,187.0,150.0,68.0,269.0,266.0,5.0,9.0,55.0,2.0,27634,97077568,36703007,-1210.54441641,17142.79240403,39.30526442874552,963.5367412993645
Mid Suffolk,322887754.0,20730.0,21926.536495,443.28033,1746.0,578.0,751.0,1182.0,5497.0,258.0,162.0,124.0,296.0,346.0,6.0,11.0,48.0,9.0,92820,256891320,110181960,460.72027260000004,21931.8077076,48.12022998368082,956.2468511201168
Mid Sussex,579247153.0,32950.0,35667.428034,-89.27401,2836.0,976.0,1274.0,1947.0,9306.0,424.0,275.0,193.0,506.0,543.0,6.0,29.0,112.0,9.0,171954,372604746,91305477,-71.80128,35690.61031665,29.918158152765326,1036.0957330220026
Mid Ulster,0.0,0.0,0.0,0.0,0.0,0.0,0.0,0.0,0.0,0.0,0.0,0.0,0.0,0.0,0.0,0.0,0.0,0.0,335,83920,528564,-6.8888998,54.55273056,0.271770013019663,3.774496631647224
Mid and East Antrim,0.0,0.0,0.0,0.0,0.0,0.0,0.0,0.0,0.0,0.0,0.0,0.0,0.0,0.0,0.0,0.0,0.0,0.0,334,133943,560151,-6.14645004,54.86462021,0.148382460084719,2.799829737798696
Middlesbrough,412064422.0,18820.0,29460.542529,-664.420108,2245.0,734.0,965.0,1535.0,7386.0,411.0,129.0,150.0,390.0,479.0,1.0,1.0,53.0,6.0,1080,243616140,279118980,-653.934573,29454.121853999997,4.04118116288586,289.3124310823245
Midlothian,298111475.0,14750.0,19387.917581,-1078.203097,1526.0,482.0,584.0,978.0,4662.0,199.0,148.0,98.0,249.0,269.0,4.0,20.0,45.0,9.0,120756,114540536,228748299,-1081.7308253,19369.92509019,17.680567352866095,553.7291149139407
Milton Keynes,1043209395.0,70680.0,69839.543422,-1003.164671,5558.0,1982.0,2602.0,3834.0,18265.0,956.0,386.0,366.0,976.0,1147.0,12.0,36.0,138.0,9.0,56364,652759536,325177336,-994.01941342,69881.17499836,54.33504149248311,1623.3060924631716
Mole Valley,504015877.0,28350.0,32288.599922,-201.313061,2452.0,870.0,1143.0,1779.0,8303.0,423.0,207.0,179.0,451.0,482.0,7.0,46.0,88.0,7.0,143640,326577510,93840390,-192.7989063,32273.3183661,20.94143233233744,746.705912171843
Monmouthshire,221472654.0,13250.0,13916.871104,-767.621584,1056.0,364.0,480.0,746.0,3608.0,193.0,76.0,55.0,214.0,229.0,2.0,13.0,23.0,2.0,104372,90871428,56283139,-780.85322152,13928.35482368,29.796817499968036,696.7488565138731
Moray,201727439.0,11790.0,13994.716159,-794.704714,990.0,315.0,405.0,663.0,3339.0,127.0,116.0,63.0,180.0,190.0,1.0,7.0,33.0,12.0,84807,79709832,204993099,-778.05440028,13966.86957579,81.43208517662534,1375.042985680219
Na h-Eileanan Siar,36558978.0,2640.0,2898.713901,-335.468006,208.0,75.0,67.0,135.0,586.0,22.0,28.0,18.0,32.0,27.0,2.0,2.0,17.0,2.0,17150,6323650,46643100,-332.8609945,2909.9689485,23.434734650034052,2305.7416018680306
Neath Port Talbot,463609739.0,24390.0,30521.838698,-2241.566497,2474.0,874.0,1136.0,1703.0,8114.0,417.0,174.0,151.0,440.0,420.0,1.0,73.0,93.0,4.0,224580,165043251,115488492,-2214.11063319,30521.899931429998,33.98222132812099,1176.568130338198
New Forest,656869976.0,36360.0,43168.586927,-1350.818401,3523.0,1092.0,1529.0,2363.0,11656.0,584.0,265.0,226.0,623.0,703.0,1.0,19.0,123.0,3.0,105276,364220151,90436329,-1349.3666400000002,43177.99327803,81.67792742155362,2569.7436228656975
Newark and Sherwood,498886641.0,33540.0,37759.426715,-655.620152,2960.0,1028.0,1291.0,1955.0,9607.0,437.0,274.0,188.0,523.0,567.0,11.0,22.0,108.0,3.0,140778,334613664,254147661,-672.91175133,37760.92564977,62.200465547822255,1589.3866385649483
Newcastle upon Tyne,552959075.0,29240.0,43396.491537,-1289.112508,3279.0,1029.0,1485.0,2289.0,10634.0,518.0,271.0,202.0,587.0,652.0,3.0,15.0,110.0,9.0,218553,333184443,449463318,-1304.19329844,43411.57795515,12.575278023490032,644.6961905659493
Newcastle-under-Lyme,360283067.0,22140.0,28211.915468,-1205.116652,2274.0,761.0,1033.0,1565.0,7372.0,332.0,200.0,141.0,391.0,407.0,3.0,26.0,91.0,5.0,113316,201201868,183632568,-1237.5968774399998,28197.834596679997,15.030086182855072,653.2750976298463
Newham,963364154.0,42470.0,69674.120339,47.013405,5563.0,1638.0,2378.0,3899.0,19461.0,1124.0,228.0,411.0,941.0,1179.0,3.0,32.0,134.0,4.0,429936,731054792,247858104,37.002888,69670.34282831999,6.340585712108232,543.9676370808713
Newport,437587718.0,22360.0,27753.058748,-1611.843716,2202.0,752.0,1048.0,1539.0,7518.0,397.0,141.0,134.0,404.0,423.0,1.0,31.0,79.0,4.0,209282,181788586,100838954,-1558.95725228,27751.28878946,13.297562900970817,965.1464558569369
"Newry, Mourne and Down",0.0,0.0,0.0,0.0,0.0,0.0,0.0,0.0,0.0,0.0,0.0,0.0,0.0,0.0,0.0,0.0,0.0,0.0,336,133006,480432,-6.0889101,54.1495285,0.231586718869262,4.40322971316386
North Ayrshire,300212741.0,16380.0,21207.48846,-1800.26455,1585.0,484.0,628.0,1076.0,5093.0,200.0,181.0,100.0,281.0,278.0,1.0,15.0,85.0,2.0,133350,87242904,248274840,-1800.1450281,21232.32173517,48.12972351751208,1557.7874133498685
North Devon,291509351.0,18050.0,18440.481014,-1443.600218,1402.0,544.0,627.0,1021.0,4740.0,195.0,166.0,74.0,287.0,286.0,8.0,9.0,54.0,4.0,29963,95704710,47841164,-1417.61448112,18438.48289751,50.29014455703005,1241.5849386314446
North Dorset,215106025.0,13010.0,14058.037666,-612.587828,1159.0,390.0,492.0,769.0,3844.0,187.0,89.0,59.0,217.0,229.0,7.0,3.0,36.0,1.0,24840,105375144,31300332,-623.86212552,14053.87001088,21.50866356558193,507.64687019816427
North East Derbyshire,466613699.0,28210.0,34392.45266,-912.542765,2644.0,929.0,1182.0,1835.0,8704.0,418.0,228.0,165.0,481.0,491.0,3.0,53.0,89.0,10.0,50388,282540374,234468930,-931.87440584,34342.92965726,23.976014010597012,1225.2714303506623
North East Lincolnshire,562168009.0,26340.0,39901.515088,-77.106519,3145.0,1078.0,1391.0,2110.0,10056.0,525.0,220.0,195.0,550.0,661.0,5.0,3.0,67.0,9.0,8940,389973230,301407630,-103.75614255,39874.904101449996,19.385528162829335,774.6292354082932
North Hertfordshire,443660062.0,28460.0,32208.621924,-143.917842,2585.0,883.0,1198.0,1764.0,8454.0,397.0,223.0,166.0,454.0,508.0,4.0,33.0,72.0,3.0,81220,323759040,142758720,-138.3468,32213.574601800003,30.43931121679242,1206.9440570403262
North Kesteven,490305691.0,31230.0,33082.477054,-302.288633,2612.0,890.0,1085.0,1766.0,8163.0,385.0,238.0,161.0,462.0,504.0,9.0,35.0,70.0,5.0,104664,312830105,221032924,-296.98410623,33069.20238041,77.09699464961466,1355.062182232487
North Lanarkshire,875159862.0,43735.0,62656.552916,-4466.786902,4612.0,1540.0,1968.0,3208.0,15721.0,607.0,515.0,319.0,803.0,837.0,1.0,26.0,240.0,18.0,411774,311898048,746812176,-4433.47084488,62684.05439274,76.0597164914736,2378.5196968188866
North Lincolnshire,676764400.0,40170.0,48654.035015,-554.171283,3753.0,1323.0,1615.0,2551.0,11930.0,600.0,308.0,240.0,668.0,784.0,11.0,6.0,94.0,13.0,11804,452000584,373184368,-475.88280907999996,48656.495392360004,104.32638515885853,2677.2640316029697
North Norfolk,232957133.0,15230.0,17227.880903,400.54398,1324.0,472.0,597.0,901.0,4428.0,200.0,126.0,73.0,253.0,266.0,5.0,22.0,28.0,5.0,57376,199213058,107855470,369.09557,17223.81175188,41.899195986256984,1396.4026523225725
North Somerset,661930930.0,34480.0,43780.621052,-2425.115727,3614.0,1165.0,1586.0,2443.0,11298.0,613.0,239.0,213.0,639.0,697.0,6.0,36.0,112.0,1.0,20448,296166276,142044588,-2346.74028,43790.30520768,41.24171627021381,1508.8807807034634
North Tyneside,633826853.0,32150.0,46221.20379,-1263.607633,3523.0,1134.0,1564.0,2428.0,11344.0,584.0,256.0,214.0,626.0,716.0,4.0,14.0,99.0,7.0,233520,362435640,479305680,-1267.7532168,46224.3273912,9.71737109932344,672.1345079192504
North Warwickshire,448611124.0,32240.0,30733.323318,-954.642764,2357.0,845.0,1129.0,1639.0,7937.0,381.0,204.0,178.0,407.0,465.0,7.0,23.0,85.0,5.0,138060,248958450,173393415,-950.15699415,30750.430469850002,22.045626783244934,791.6648356021568
North West Leicestershire,368500535.0,24860.0,26169.610164,-685.466549,1988.0,693.0,988.0,1400.0,6383.0,312.0,184.0,127.0,369.0,372.0,5.0,31.0,83.0,5.0,80848,217799056,156860992,-705.3566648,26160.28015376,18.452203809104784,687.6440449081581
Northampton,573443190.0,28040.0,40175.225582,-679.402902,3104.0,975.0,1473.0,2162.0,10591.0,569.0,200.0,256.0,513.0,657.0,6.0,10.0,91.0,5.0,140727,366424655,200354491,-677.65051307,40170.83052669,8.172853187733082,423.9433674484848
Northumberland,1162258158.0,77420.0,90314.270306,-2911.845805,6685.0,2370.0,2885.0,4629.0,21977.0,981.0,656.0,387.0,1250.0,1353.0,16.0,43.0,201.0,24.0,91672,647143751,983344263,-3397.1189173300004,90526.70447862,1162.705882330231,11723.412145915823
Norwich,558726919.0,22690.0,38529.628458,939.842964,3024.0,896.0,1321.0,2082.0,9798.0,530.0,202.0,210.0,522.0,613.0,1.0,39.0,77.0,2.0,129564,455563860,226753836,940.6046206799999,38532.57449388,3.788316605247456,457.0277338953661
Nottingham,1202561406.0,49290.0,83150.433692,-1836.26911,6550.0,2005.0,2893.0,4454.0,21957.0,1169.0,401.0,438.0,1132.0,1326.0,3.0,52.0,178.0,11.0,28260,716048740,533751330,-1831.6718371999998,83138.07720100001,15.672833396067121,1098.8575743066247
Nuneaton and Bedworth,369974652.0,18430.0,25778.804405,-726.091522,2158.0,626.0,900.0,1397.0,6680.0,358.0,133.0,154.0,337.0,407.0,1.0,29.0,52.0,2.0,116367,213790729,142071832,-726.5081598200001,25777.96076422,5.135100256573095,285.05026827660515
Oadby and Wigston,133649113.0,5400.0,8888.023273,-185.793493,725.0,194.0,314.0,493.0,2308.0,116.0,53.0,43.0,126.0,136.0,0.0,10.0,23.0,0.0,27716,78000767,50595051,-184.71700844999998,8887.49856917,0.527313837796343,60.70523219087879
Oldham,674684079.0,33480.0,55470.096609,-2191.300718,4196.0,1518.0,1873.0,2953.0,14582.0,664.0,372.0,280.0,756.0,798.0,3.0,54.0,175.0,6.0,270396,410880708,421428224,-2126.6387436,55485.75463592,20.006303316418972,891.0944162939472
Orkney Islands,24413003.0,1610.0,2005.17195,-102.982255,131.0,50.0,53.0,93.0,436.0,21.0,13.0,8.0,26.0,27.0,0.0,1.0,4.0,2.0,11934,11841894,34223856,-98.60952,2004.0735702000002,5.391988962889276,503.4554312197663
Oxford,591508452.0,21670.0,37832.039773,-903.439457,3076.0,876.0,1391.0,2095.0,9749.0,588.0,143.0,190.0,541.0,646.0,0.0,18.0,65.0,2.0,146931,330614487,150855008,-909.40057193,37831.86007936,4.343486723792711,297.7770733329874
Pembrokeshire,414331291.0,25890.0,27711.363549,-2607.364059,2211.0,850.0,1012.0,1479.0,7115.0,308.0,227.0,134.0,401.0,385.0,2.0,33.0,111.0,4.0,201695,106904235,118444185,-2625.8764284,27742.49006135,112.93535356826344,4252.779027823139
Pendle,300264219.0,15600.0,23210.129003,-947.796396,1765.0,605.0,777.0,1217.0,5876.0,266.0,165.0,95.0,336.0,345.0,2.0,10.0,68.0,6.0,65081,167071547,191091608,-943.70464845,23225.021233270003,9.976587003577121,415.17325844311085
Perth and Kinross,481320837.0,32130.0,33349.344665,-2093.164633,2493.0,770.0,1008.0,1592.0,7858.0,332.0,259.0,121.0,470.0,443.0,2.0,11.0,113.0,22.0,208032,168023664,439813926,-2295.91677636,33435.99679188,464.9881032245961,4754.59558231538
Peterborough,958345813.0,56660.0,69092.431556,-339.71311,5487.0,1805.0,2468.0,3761.0,17942.0,939.0,375.0,399.0,915.0,939.0,4.0,228.0,136.0,7.0,40734,679826808,395220978,-353.12435999999997,69106.07222280001,59.885585420735886,1819.2359250969769
Plymouth,960409264.0,43060.0,60971.165469,-5002.173753,5066.0,1542.0,2222.0,3526.0,16788.0,784.0,426.0,232.0,978.0,953.0,2.0,42.0,208.0,5.0,31460,302432240,70488550,-4976.717779,60989.9792876,12.21532081284174,1274.025655791288
Poole,645808918.0,26590.0,40436.925835,-1556.956161,3280.0,1024.0,1541.0,2294.0,10801.0,612.0,185.0,197.0,600.0,695.0,1.0,6.0,93.0,2.0,23113,321504221,74492402,-1556.75615812,40440.40156436,6.576858546259799,670.5576967142603
Portsmouth,772078716.0,30970.0,47869.077302,-1013.625851,3943.0,1119.0,1749.0,2677.0,12842.0,733.0,209.0,240.0,702.0,808.0,1.0,12.0,119.0,2.0,41448,438601794,95478294,-1008.15666942,47861.1814515,4.854607696025664,657.3571709521141
Powys,627597825.0,39760.0,39861.912828,-2556.125183,3110.0,1131.0,1389.0,2050.0,10337.0,448.0,314.0,184.0,578.0,550.0,10.0,40.0,156.0,6.0,297180,230373936,208219548,-2617.72139142,39889.655298000005,522.1121288906481,5410.106809530813
Preston,803332316.0,39700.0,62702.778324,-3148.653317,4897.0,1632.0,2172.0,3326.0,15973.0,798.0,368.0,312.0,854.0,970.0,4.0,27.0,160.0,5.0,177232,411388120,508876214,-3169.3861383800004,62756.44147102,22.646453748535652,1121.061896283773
Purbeck,185604688.0,10900.0,11510.040478,-478.592608,885.0,343.0,429.0,612.0,2985.0,159.0,68.0,53.0,174.0,192.0,4.0,0.0,31.0,0.0,20657,88798541,20048867,-482.64284411000006,11507.64023626,11.683979344938008,563.9765229436023
Reading,421387396.0,16390.0,27063.758946,-515.390085,2059.0,673.0,949.0,1522.0,7229.0,385.0,141.0,158.0,368.0,449.0,3.0,13.0,59.0,2.0,19988,247338876,91079004,-521.11347052,27064.287567940002,2.748410844601322,238.65848131416283
Redbridge,763932321.0,35620.0,56015.41454,71.056993,4430.0,1431.0,2068.0,3116.0,15128.0,888.0,198.0,318.0,768.0,948.0,1.0,21.0,111.0,5.0,346434,590254032,205773108,76.11231,56022.27840792,7.946599535064047,597.3773960970267
Redcar and Cleveland,298867127.0,16410.0,22866.45679,-448.501549,1772.0,607.0,740.0,1162.0,5888.0,314.0,105.0,107.0,312.0,360.0,4.0,1.0,46.0,8.0,1257,194566421,217711143,-421.56006905,22863.79093866,14.251971569641515,530.8089194716998
Redditch,150073557.0,7980.0,10720.75498,-395.459363,902.0,272.0,373.0,593.0,2775.0,143.0,62.0,45.0,160.0,177.0,1.0,1.0,26.0,0.0,51250,82759525,54376865,-399.1555082,10718.50942515,1.46603462752557,98.4055345370319
Reigate and Banstead,727379669.0,35060.0,46588.865616,-166.303564,3699.0,1247.0,1735.0,2619.0,12080.0,608.0,301.0,268.0,641.0,705.0,7.0,76.0,106.0,15.0,208161,477939474,138689766,-180.62738091,46593.941048999994,15.11735816125972,814.7970667504267
Renfrewshire,505183438.0,24120.0,35409.095536,-2823.60323,2603.0,797.0,1082.0,1794.0,8630.0,360.0,274.0,172.0,462.0,457.0,3.0,18.0,149.0,7.0,229508,151719370,421418532,-2896.32744588,35408.02594858,23.77051641515908,1053.8662282453397
Rhondda Cynon Taf,666520879.0,32720.0,43724.681512,-2881.701949,3555.0,1274.0,1553.0,2425.0,11840.0,588.0,259.0,258.0,589.0,670.0,3.0,28.0,143.0,3.0,325248,255994739,162958565,-2891.31068765,43723.70615382,46.67482249802942,1243.4413813748258
Ribble Valley,233897286.0,14230.0,17286.016738,-780.887608,1285.0,440.0,564.0,882.0,4361.0,204.0,117.0,86.0,235.0,268.0,2.0,13.0,36.0,2.0,49113,119632527,143703996,-775.98536148,17309.764342709997,25.6655751158945,588.157688105853
Richmond upon Thames,625053374.0,24490.0,41776.810319,-249.299644,3412.0,918.0,1480.0,2316.0,10957.0,661.0,151.0,219.0,593.0,709.0,2.0,17.0,84.0,0.0,259840,421432060,140190176,-234.78167188,41769.54837412,6.024248797348377,640.3022754830607
Richmondshire,239539624.0,17800.0,18600.816457,-602.441734,1357.0,528.0,584.0,920.0,4702.0,215.0,127.0,84.0,258.0,278.0,4.0,6.0,49.0,5.0,64638,137155338,169558812,-679.0478434199999,18590.302209600002,62.373347834278846,955.2875824068049
Rochdale,548524997.0,32410.0,47918.547132,-1937.833276,3710.0,1322.0,1709.0,2588.0,12541.0,594.0,300.0,266.0,628.0,684.0,5.0,49.0,145.0,11.0,234228,348941610,368619444,-1920.1689778799998,47925.02492442,19.211683057761082,869.1637829106686
Rochford,222741753.0,10280.0,14650.978966,188.500806,1130.0,373.0,530.0,801.0,3841.0,186.0,98.0,87.0,197.0,232.0,5.0,10.0,35.0,2.0,30672,166418604,54363280,194.10632915999997,14651.82438696,6.237095288603056,598.6026042715446
Rossendale,254496272.0,13420.0,19385.534034,-823.465848,1425.0,532.0,697.0,1002.0,4821.0,195.0,166.0,83.0,278.0,282.0,2.0,20.0,55.0,2.0,55594,138200547,151964755,-816.39792971,19380.20562332,6.782057613753473,306.0800054586155
Rother,404863188.0,22460.0,26572.870217,270.438726,2128.0,733.0,957.0,1415.0,6859.0,370.0,152.0,120.0,402.0,449.0,3.0,7.0,61.0,2.0,50634,302097060,62464086,283.479408,26595.21141936,34.17147315790396,1078.7598501724
Rotherham,891919378.0,53650.0,69232.771065,-1709.56113,5460.0,1897.0,2433.0,3729.0,17743.0,889.0,407.0,354.0,942.0,1038.0,7.0,73.0,166.0,12.0,356400,580014432,504118080,-1667.31694704,69200.6077872,50.19467150177813,1645.784595047533
Rugby,413395785.0,25300.0,29233.262034,-732.127357,2300.0,783.0,1039.0,1559.0,7628.0,378.0,180.0,157.0,401.0,454.0,5.0,29.0,62.0,8.0,132804,249145884,154144152,-735.60022884,29229.31136952,26.05410761827358,747.5478323547107
Runnymede,505144904.0,31360.0,34125.466676,-350.451166,2755.0,984.0,1383.0,1923.0,8577.0,473.0,191.0,202.0,462.0,522.0,2.0,59.0,79.0,2.0,152720,333179928,110874056,-357.59721327999995,34124.77319144,6.696148870662128,349.5342900216378
Rushcliffe,432107860.0,27440.0,30739.88775,-627.176925,2382.0,845.0,1103.0,1627.0,7780.0,385.0,196.0,138.0,443.0,471.0,4.0,22.0,78.0,6.0,115619,271098086,194898193,-587.37357,30742.10398749,31.771552720334498,856.0723609670689
Rushmoor,227882221.0,9900.0,15022.214541,-221.972109,1264.0,358.0,526.0,827.0,4021.0,215.0,78.0,70.0,223.0,246.0,1.0,10.0,35.0,1.0,36625,142404446,45105592,-225.04450414000002,15024.49755445,1.474588520197165,102.3209130635722
Rutland,130658036.0,9280.0,9320.756694,-113.059739,738.0,256.0,325.0,481.0,2293.0,98.0,79.0,43.0,134.0,126.0,1.0,15.0,32.0,3.0,3009,87259584,54631935,-110.85509646,9322.17375264,9.260974956606463,259.06299774107697
Ryedale,271418289.0,17790.0,18313.556475,-286.079925,1281.0,490.0,602.0,887.0,4586.0,223.0,115.0,83.0,255.0,284.0,5.0,5.0,34.0,10.0,64220,160749420,161864820,-284.85625324,18319.67117266,70.16367509425248,1024.8234893682743
Salford,693089336.0,41250.0,55047.936204,-2412.511127,4212.0,1505.0,2091.0,2934.0,14022.0,675.0,354.0,292.0,737.0,782.0,2.0,83.0,152.0,10.0,270627,385418124,409673712,-2454.0106808699998,55030.16979726,13.543366493711165,811.9721562109654
Sandwell,879246535.0,44840.0,68896.106573,-2634.62887,5420.0,1826.0,2435.0,3741.0,18221.0,876.0,436.0,380.0,932.0,1004.0,3.0,114.0,182.0,9.0,372608,524239776,381482368,-2634.11549376,68899.37890912,14.877368745983297,919.8846219560382
Scarborough,357085115.0,20180.0,26181.249481,-231.702349,2047.0,663.0,871.0,1334.0,6656.0,316.0,166.0,108.0,374.0,395.0,8.0,21.0,45.0,13.0,92062,238974154,238853654,-254.39960964000002,26195.0076739,54.42867329156021,1419.723420189292
Scottish Borders,413680690.0,26790.0,28924.009188,-1421.722935,2094.0,723.0,855.0,1432.0,6826.0,259.0,261.0,106.0,414.0,365.0,7.0,30.0,98.0,20.0,183560,179863320,325590200,-1486.5031896,28873.4887688,351.1766000954656,3272.2235804185207
Sedgemoor,469772355.0,26410.0,29626.786617,-1715.494925,2343.0,825.0,1099.0,1634.0,7984.0,409.0,170.0,157.0,422.0,471.0,3.0,32.0,71.0,2.0,119274,195948654,83374263,-1668.97326105,29640.08042625,42.030518253642065,1640.4476022743124
Sefton,804268442.0,37890.0,61667.868841,-3442.45845,4679.0,1674.0,2159.0,3311.0,15892.0,818.0,334.0,254.0,898.0,938.0,7.0,39.0,164.0,4.0,312192,385072128,459454464,-3446.82998784,61611.38085888,24.21230370124147,1565.9677748265685
Selby,301236764.0,21260.0,22270.352929,-476.967863,1694.0,605.0,771.0,1147.0,5615.0,285.0,129.0,90.0,324.0,353.0,5.0,8.0,44.0,4.0,79488,189426114,176641380,-467.43914484,22245.57325836,33.84376386800346,1340.5542438604211
Sevenoaks,596805853.0,37320.0,37097.996783,121.41071,2873.0,1008.0,1344.0,2069.0,9298.0,464.0,259.0,189.0,534.0,561.0,7.0,44.0,102.0,9.0,101220,399657048,112222614,136.600728,37072.28117685,34.49494402950724,1094.6682736715543
Sheffield,1659752750.0,77880.0,127065.878468,-3479.690006,9965.0,3273.0,4155.0,6793.0,32703.0,1669.0,711.0,616.0,1764.0,1920.0,7.0,126.0,309.0,18.0,656880,1024616180,927571680,-3671.245081,127100.5197098,118.36633620142717,3827.3539376473886
Shepway,385215208.0,20640.0,23799.68044,503.717455,1849.0,645.0,835.0,1332.0,6349.0,318.0,148.0,105.0,361.0,342.0,5.0,51.0,63.0,5.0,65706,284408188,62722202,466.37091736,23799.62244988,21.309430567216637,798.1420056315814
Shetland Islands,53172368.0,3180.0,3671.841437,-73.978067,255.0,82.0,90.0,175.0,760.0,29.0,32.0,19.0,42.0,31.0,2.0,2.0,23.0,3.0,21594,26505476,71998727,-83.77984183,3690.8020402800003,14.587310933251706,1696.922661092166
Shropshire,978941573.0,64950.0,70352.530695,-3614.354395,5445.0,1894.0,2407.0,3705.0,17788.0,881.0,454.0,334.0,1001.0,1114.0,8.0,18.0,176.0,19.0,66750,467553045,404451600,-3653.4544767,70250.5300665,566.9552292271562,9039.912740304795
Slough,649727220.0,33570.0,42648.639775,-484.857412,3296.0,1152.0,1663.0,2401.0,11396.0,631.0,197.0,227.0,601.0,713.0,2.0,13.0,95.0,5.0,32292,413105760,148415688,-477.06878484,42644.89956492,3.4896492945145083,434.3010055691793
Solihull,477893236.0,25110.0,35703.651278,-1202.507592,2773.0,1005.0,1304.0,1941.0,9372.0,474.0,207.0,168.0,513.0,534.0,1.0,62.0,77.0,7.0,194085,285634554,191689923,-1168.30997319,35705.51083656,16.04647746808548,800.762156381397
South Ayrshire,284426049.0,16320.0,19397.784562,-1627.342802,1470.0,477.0,588.0,982.0,4717.0,176.0,174.0,83.0,267.0,246.0,1.0,7.0,90.0,6.0,124250,79290400,208694500,-1655.1535385,19330.5238735,60.5400931977996,1354.3558239012239
South Bucks,434258309.0,28840.0,28458.158845,-320.131529,2284.0,795.0,1104.0,1566.0,7290.0,376.0,176.0,172.0,380.0,455.0,1.0,22.0,71.0,3.0,32568,275005296,102371160,-322.83168,28460.81121672,10.111573475144208,538.5988028182195
South Cambridgeshire,664640994.0,49320.0,49104.195948,85.151686,3928.0,1315.0,1805.0,2600.0,12288.0,619.0,322.0,237.0,704.0,746.0,6.0,77.0,102.0,10.0,61165,511240595,232978426,85.646997,49033.6762733,111.49002821651364,2873.256292258536
South Derbyshire,383584156.0,22320.0,27202.142907,-803.065984,2057.0,705.0,994.0,1450.0,6938.0,336.0,179.0,137.0,378.0,407.0,1.0,28.0,77.0,2.0,40685,222188510,167562975,-790.4941,27204.834134750003,23.231362084584614,1017.8409596932026
South Gloucestershire,861957526.0,46560.0,57999.872173,-2809.512327,4673.0,1508.0,2250.0,3250.0,15155.0,802.0,324.0,291.0,835.0,892.0,11.0,70.0,149.0,4.0,28150,413871434,206278696,-2780.34162992,58041.59655222,72.54375717871552,1864.6024135463529
South Hams,389205155.0,23580.0,25090.365661,-1915.618795,2003.0,685.0,894.0,1422.0,6759.0,303.0,195.0,103.0,395.0,395.0,3.0,23.0,76.0,1.0,41832,134797146,26908434,-1902.33016482,25085.216926920002,55.814224489495,2537.8757378777455
South Holland,388471916.0,23350.0,26128.958543,-35.485948,2045.0,703.0,874.0,1384.0,6411.0,310.0,185.0,133.0,362.0,394.0,17.0,23.0,52.0,9.0,83655,263789955,159849360,-15.1371,26129.8513971,49.517456126829565,1143.823189335595
South Kesteven,518199081.0,31400.0,34873.30741,-363.011063,2737.0,914.0,1155.0,1861.0,8786.0,418.0,242.0,194.0,466.0,514.0,14.0,33.0,80.0,19.0,112200,330927960,217130760,-327.1289934,34880.241165,83.03030451923263,1629.1068714263613
South Lakeland,432784556.0,30880.0,34202.368322,-1802.328959,2561.0,885.0,1137.0,1757.0,8584.0,378.0,252.0,145.0,485.0,473.0,4.0,23.0,125.0,5.0,44730,220036950,308419020,-1752.0804063,34208.4131235,135.13777135669818,2882.497139126141
South Lanarkshire,737977294.0,39490.0,51614.977627,-3717.839083,3793.0,1242.0,1533.0,2591.0,12444.0,479.0,447.0,246.0,680.0,657.0,3.0,35.0,214.0,17.0,329656,263571084,589001746,-3549.09875704,51489.79508558,234.23423976796892,3276.832790248215
South Norfolk,455568496.0,29710.0,31414.52648,743.396422,2511.0,854.0,1134.0,1636.0,7849.0,356.0,242.0,136.0,462.0,468.0,9.0,40.0,68.0,13.0,106444,376136618,176902154,821.20229204,31402.28383734,71.81460776015386,1837.51614234027
South Northamptonshire,303960746.0,22190.0,20901.467431,-411.217276,1589.0,598.0,770.0,1070.0,5251.0,267.0,134.0,118.0,283.0,328.0,9.0,8.0,44.0,12.0,73784,185663000,99077877,-433.59729401,20899.49392672,33.3855304290972,1059.8063380252968
South Oxfordshire,512738011.0,32160.0,34339.198265,-716.852281,2763.0,914.0,1194.0,1841.0,8662.0,403.0,262.0,188.0,477.0,522.0,11.0,36.0,92.0,4.0,134330,308486850,127656060,-717.1825433500001,34329.21455495,58.604224287857924,1594.4738119994136
South Ribble,417284082.0,25620.0,32825.485211,-1644.401172,2548.0,895.0,1157.0,1718.0,8191.0,406.0,205.0,140.0,471.0,502.0,3.0,17.0,85.0,4.0,94705,215081776,260188240,-1667.25400556,32827.04389562,9.404541149734028,713.7078021315214
South Somerset,557860768.0,33710.0,37254.510197,-1981.452417,2978.0,1016.0,1332.0,2080.0,9751.0,485.0,246.0,185.0,546.0,603.0,7.0,34.0,85.0,2.0,151317,252657723,88303338,-2029.1683531,37269.296485319996,89.80674006386737,2026.0584744467274
South Staffordshire,487232984.0,35650.0,37207.672654,-1511.165915,2944.0,1065.0,1414.0,2054.0,9579.0,460.0,247.0,179.0,528.0,586.0,6.0,26.0,80.0,9.0,151298,275464875,219903159,-1523.5495793,37256.72137243,38.24454173219958,1524.0900225098937
South Tyneside,395836346.0,18880.0,29739.525973,-783.462222,2211.0,710.0,988.0,1550.0,7406.0,365.0,176.0,116.0,425.0,461.0,0.0,17.0,55.0,8.0,150939,235607123,305154837,-782.80534377,29738.704620149998,4.89065264247806,336.7606844827463
Southampton,765466849.0,30220.0,48829.511283,-1342.509889,4087.0,1148.0,1761.0,2708.0,13404.0,714.0,245.0,254.0,705.0,811.0,2.0,20.0,126.0,0.0,43155,424120627,108950072,-1342.83971164,48832.64407476,6.1238446935960775,639.3233023599734
Southend-on-Sea,495480897.0,20100.0,32476.500101999998,434.351923,2582.0,781.0,1208.0,1793.0,8570.0,454.0,176.0,146.0,484.0,539.0,0.0,27.0,62.0,2.0,20790,370298880,117704790,445.35079260000003,32475.9587859,3.4077624644322,342.1925205587494
Southwark,1243675297.0,51780.0,88858.93021399999,-134.206783,7125.0,1957.0,2977.0,4952.0,23224.0,1388.0,338.0,489.0,1237.0,1514.0,1.0,20.0,186.0,5.0,554046,921589070,303539538,-126.15334,88830.12437948001,6.4424511054620135,654.9618933177196
Spelthorne,504126710.0,23020.0,32554.782908,-294.325396,2604.0,889.0,1205.0,1812.0,8540.0,466.0,167.0,196.0,437.0,489.0,1.0,62.0,76.0,5.0,146223,320938596,107370726,-292.78782,32546.02397643,4.1873949191569775,326.76686789081117
St Albans,608517283.0,44490.0,46220.503089,-317.627838,3587.0,1280.0,1792.0,2523.0,11808.0,597.0,296.0,244.0,649.0,751.0,7.0,32.0,100.0,3.0,226822,459519940,187193339,-304.2451,46233.78869601,18.75920492089549,755.8306886631087
St Edmundsbury,363525334.0,21810.0,25172.3227,321.839837,1942.0,676.0,874.0,1350.0,6273.0,288.0,194.0,116.0,366.0,379.0,3.0,20.0,72.0,8.0,107004,280847904,128176814,325.481586,25189.889184159998,41.650365936040856,1149.8679574187079
St. Helens,536861002.0,26930.0,41209.712533,-2100.782718,3151.0,1142.0,1402.0,2168.0,10444.0,505.0,266.0,176.0,595.0,601.0,5.0,33.0,123.0,9.0,208170,272480652,305309832,-2084.09007687,41216.59460136,14.23703480327485,701.1114725851666
Stafford,565803144.0,37630.0,42328.949177,-1711.610161,3384.0,1101.0,1532.0,2325.0,10824.0,490.0,311.0,231.0,570.0,630.0,7.0,27.0,119.0,18.0,172215,311589801,262596636,-1733.9648301,42331.18348746,63.955786299968565,1475.9842804622624
Staffordshire Moorlands,351629087.0,21370.0,25838.072042,-992.165514,1988.0,686.0,882.0,1403.0,6478.0,279.0,208.0,137.0,350.0,395.0,3.0,6.0,70.0,13.0,105192,195064441,171639741,-970.75658974,25844.72015759,37.62946754356477,859.9926435661864
Stevenage,169192547.0,7940.0,11626.38075,-42.623587,951.0,311.0,413.0,645.0,2974.0,154.0,70.0,49.0,175.0,181.0,2.0,13.0,23.0,5.0,57568,117515328,50294944,-42.53088,11626.80773856,0.75911078359424,73.64099494561644
Stirling,360095503.0,21200.0,24366.762269,-1777.426359,1703.0,573.0,751.0,1176.0,5973.0,244.0,190.0,103.0,331.0,324.0,1.0,26.0,78.0,5.0,154938,111095320,307605746,-1877.4623651,24412.29636286,141.70297288177565,1863.7368637766915
Stockport,662568941.0,34990.0,56499.360928,-2282.297506,4294.0,1414.0,1992.0,3035.0,14594.0,712.0,346.0,280.0,778.0,839.0,2.0,45.0,161.0,11.0,279312,414530748,410783312,-2247.9008917399997,56487.84628548,18.025666957715625,915.6890716940467
Stockton-on-Tees,435485413.0,23800.0,33450.623292,-809.363047,2500.0,857.0,1135.0,1716.0,8458.0,437.0,176.0,157.0,456.0,538.0,2.0,2.0,60.0,11.0,2452,272746381,317646179,-801.00095774,33443.386731110004,17.457811211402163,873.0314460069594
Stoke-on-Trent,1052803409.0,47780.0,77247.480293,-3167.02309,6109.0,1946.0,2775.0,4260.0,20212.0,954.0,503.0,403.0,1054.0,1150.0,9.0,51.0,222.0,25.0,30597,567411166,505071964,-3145.48816,77245.87211189,18.238137070590412,1053.3069490592331
Stratford-on-Avon,527883266.0,34660.0,35919.939714,-1150.200978,2873.0,939.0,1169.0,1893.0,8917.0,429.0,259.0,192.0,496.0,573.0,7.0,24.0,75.0,9.0,164432,292413072,173056768,-1125.32722752,35887.14020112,88.45563737951497,2071.859354193471
Stroud,283613030.0,17290.0,20797.251598,-912.911732,1673.0,531.0,732.0,1131.0,5523.0,263.0,139.0,107.0,295.0,327.0,3.0,10.0,60.0,2.0,46230,152280012,81368820,-927.89635176,20791.4435577,24.109532172904633,812.0029835840502
Suffolk Coastal,508302104.0,27850.0,33500.124635,861.855268,2674.0,862.0,1181.0,1832.0,8627.0,419.0,224.0,145.0,498.0,524.0,8.0,26.0,74.0,11.0,143389,407177821,166387181,906.72126742,33550.34452282,75.26388590480278,2862.2410221858113
Sunderland,915562320.0,49040.0,70593.684243,-1851.315322,5215.0,1759.0,2329.0,3653.0,17327.0,861.0,425.0,316.0,970.0,1077.0,1.0,22.0,172.0,14.0,360080,561300420,709261150,-1843.40380142,70546.35999732,24.744501612568627,1565.7336490083233
Surrey Heath,496326140.0,27940.0,32392.446649,-444.844205,2622.0,936.0,1256.0,1823.0,8336.0,432.0,199.0,180.0,451.0,504.0,1.0,53.0,71.0,2.0,146392,310049422,101264773,-435.30165368999997,32393.08006543,7.743122208870768,399.96903737631453
Sutton,622946920.0,25580.0,43507.688187,-156.156875,3507.0,1058.0,1563.0,2420.0,11554.0,658.0,189.0,226.0,621.0,727.0,0.0,14.0,98.0,8.0,272734,446670532,138603080,-145.91269,43499.8526424,4.793171824566433,386.8144530716503
Swale,568623074.0,31350.0,36049.200067,545.479426,2928.0,941.0,1337.0,2002.0,9588.0,473.0,229.0,175.0,527.0,553.0,5.0,34.0,106.0,4.0,99684,416820222,113707152,547.23005298,36029.357870219996,33.892370605967564,2033.598788883697
Swansea,817287084.0,35690.0,54017.801308,-4151.099397,4377.0,1435.0,1966.0,3020.0,14531.0,797.0,249.0,256.0,790.0,761.0,3.0,133.0,143.0,6.0,396434,276167012,206384168,-4149.722663680001,54034.32884582,51.574496220354845,2976.9327497690347
Swindon,696476070.0,32620.0,43110.476454,-1484.158351,3358.0,1097.0,1597.0,2377.0,11338.0,591.0,245.0,234.0,602.0,723.0,3.0,9.0,97.0,4.0,25080,349908636,155967504,-1449.34812,43118.89791924,24.95502360647098,984.9803408331402
Tameside,522632427.0,25950.0,42193.576898,-1649.321144,3279.0,1103.0,1468.0,2241.0,11060.0,553.0,236.0,211.0,578.0,624.0,3.0,48.0,105.0,9.0,209085,311644743,314018055,-1638.7529211,42194.66921769,11.023672570781546,527.652788169907
Tamworth,199911609.0,10780.0,16681.867476,-533.795707,1294.0,407.0,585.0,928.0,4369.0,216.0,101.0,80.0,237.0,263.0,2.0,11.0,39.0,2.0,68789,133601235,95908350,-533.98966683,16680.63882158,1.299240165113237,116.66801220382229
Tandridge,494593907.0,31820.0,32692.006044,-40.650507,2442.0,967.0,1270.0,1832.0,8407.0,402.0,236.0,180.0,458.0,488.0,4.0,43.0,96.0,7.0,148654,342200870,95907350,-30.655900000000003,32688.446352540002,20.381389502743964,583.005340659907
Taunton Deane,383172353.0,21160.0,25659.762048,-1567.620854,1960.0,655.0,943.0,1429.0,6752.0,349.0,154.0,132.0,371.0,410.0,4.0,27.0,61.0,1.0,104624,160118481,62105410,-1592.20629018,25655.410003779998,29.801767213505833,1042.975823675807
Teignbridge,488610546.0,29690.0,31712.948012,-2255.205819,2506.0,839.0,1150.0,1785.0,8265.0,407.0,220.0,140.0,487.0,519.0,3.0,20.0,82.0,3.0,53295,177484263,50317377,-2291.03291373,31732.59475419,53.677351516088386,1338.451906201033
Telford and Wrekin,411557288.0,22760.0,30089.476324,-1406.342496,2323.0,760.0,1007.0,1641.0,7798.0,373.0,198.0,152.0,419.0,480.0,0.0,8.0,71.0,12.0,11420,209576985,178755547,-1421.45306432,30099.79024205,22.06738092346725,789.797684565755
Tendring,317449140.0,17860.0,20488.749633,434.261323,1652.0,561.0,720.0,1096.0,5207.0,260.0,135.0,91.0,304.0,329.0,4.0,17.0,41.0,4.0,43055,242610185,87754385,438.12726524999994,20483.4872631,17.402665429247115,1051.4374657686028
Test Valley,547761285.0,33700.0,35284.300408,-1024.466974,2778.0,909.0,1277.0,1926.0,8938.0,478.0,213.0,171.0,520.0,570.0,9.0,15.0,94.0,3.0,87066,300536630,94894339,-1037.97877455,35333.71183623,55.72578388340117,1482.923555494386
Tewkesbury,309600822.0,19430.0,21910.998562,-902.088094,1719.0,575.0,804.0,1189.0,5593.0,299.0,123.0,105.0,317.0,355.0,1.0,6.0,56.0,4.0,48952,163038434,95489738,-928.39156844,21916.506189379998,22.874422194526254,1019.3545938240306
Thanet,526566173.0,22340.0,32871.645362,881.483999,2639.0,828.0,1186.0,1843.0,8829.0,499.0,141.0,127.0,513.0,518.0,3.0,47.0,65.0,7.0,91520,404380160,106721920,850.1107007999999,32865.6201152,8.53134579246272,438.0769794328704
Three Rivers,329027974.0,20310.0,23298.60072,-199.574467,1853.0,656.0,916.0,1285.0,5904.0,319.0,132.0,120.0,331.0,368.0,3.0,23.0,55.0,2.0,59532,228798163,88584518,-202.97255,23296.99971566,5.204684541309308,389.26219830501714
Thurrock,551903310.0,33970.0,37697.165817,245.850408,3046.0,1044.0,1483.0,2069.0,10002.0,525.0,207.0,205.0,527.0,610.0,3.0,29.0,81.0,9.0,24888,411476232,132920952,245.14825667999997,37705.2768852,15.489622365588817,816.3728969323286
Tonbridge and Malling,524115477.0,31350.0,33229.344225,247.850017,2696.0,869.0,1223.0,1861.0,8796.0,434.0,214.0,170.0,478.0,518.0,5.0,33.0,82.0,10.0,93312,365481072,99725904,226.35028152,33216.894195119996,20.041707209790527,993.2346175370271
Torbay,441786826.0,19390.0,27951.885031,-1967.136794,2321.0,686.0,947.0,1609.0,7661.0,373.0,181.0,99.0,455.0,448.0,0.0,16.0,89.0,1.0,14958,160510420,35792832,-1969.5973646,27960.8667444,4.4144027072664755,472.35120875728927
Torfaen,161317207.0,7570.0,9974.312222,-585.310622,803.0,274.0,353.0,542.0,2634.0,129.0,64.0,45.0,148.0,150.0,0.0,9.0,31.0,3.0,74691,63199587,38692640,-588.84490877,9977.78356492,3.168808720786459,179.12417855749905
Torridge,211635944.0,13100.0,13800.945206,-1149.350103,1087.0,417.0,471.0,764.0,3753.0,144.0,127.0,63.0,208.0,207.0,3.0,6.0,52.0,3.0,23306,66179826,31003755,-1142.8909964499999,13796.07342542,34.114492682993664,949.8148704886872
Tower Hamlets,1093413945.0,44260.0,74442.93006,-64.086665,5793.0,1644.0,2550.0,4132.0,20132.0,1223.0,222.0,410.0,1035.0,1287.0,1.0,12.0,142.0,3.0,466735,775018525,262196695,-52.598000000000006,74439.94031535,3.7023062150321,466.04728385742135
Trafford,516597677.0,26770.0,41301.204518,-1804.478534,3169.0,1048.0,1463.0,2239.0,10488.0,550.0,223.0,204.0,569.0,608.0,1.0,48.0,109.0,7.0,205618,290485670,302368226,-1828.7015831899998,41291.1167527,11.083991887146132,571.3169026087652
Tunbridge Wells,495855453.0,24770.0,30525.928136,207.981929,2416.0,794.0,1107.0,1694.0,8009.0,401.0,196.0,151.0,446.0,471.0,3.0,44.0,73.0,6.0,86565,342163983,81549603,281.564304,30508.215818819997,25.38983317518337,1050.6262059022563
Uttlesford,285228835.0,20460.0,19680.685036,100.321641,1532.0,522.0,726.0,1038.0,4891.0,247.0,132.0,100.0,279.0,311.0,2.0,15.0,45.0,6.0,41690,211418328,86739835,111.609815,19683.71395288,31.75567177581106,728.0417364264698
Vale of Glamorgan,412004519.0,19800.0,26386.666601,-1693.603838,2115.0,706.0,927.0,1456.0,6948.0,355.0,158.0,133.0,380.0,391.0,5.0,25.0,89.0,3.0,195966,155411298,88791579,-1743.1894105200001,26393.01869376,21.975602748231907,662.6490833960986
Vale of White Horse,461023741.0,28170.0,31360.474997,-820.341564,2578.0,819.0,1126.0,1696.0,7912.0,390.0,217.0,163.0,444.0,516.0,5.0,17.0,66.0,3.0,123221,264465651,118484579,-901.65601,31354.23924673,45.631047010910535,1231.7554500812696
Wakefield,1001463331.0,50590.0,75254.6963,-1995.073805,5880.0,2094.0,2580.0,3937.0,19083.0,994.0,408.0,403.0,999.0,1225.0,7.0,25.0,135.0,10.0,409384,614589132,586365470,-1992.1298540199998,75230.2287533,64.56726526142738,1875.7571805742932
Walsall,739929181.0,37400.0,57169.19905,-2165.0905,4452.0,1528.0,2067.0,3108.0,15051.0,735.0,352.0,301.0,786.0,814.0,4.0,85.0,172.0,12.0,310882,437080526,326973948,-2141.86831261,57181.66767522,15.004060265018108,766.0765143094674
Waltham Forest,914749836.0,40170.0,66496.475838,-13.104788,5283.0,1572.0,2325.0,3738.0,18048.0,1074.0,215.0,355.0,934.0,1148.0,4.0,19.0,108.0,10.0,417636,692614503,245267053,-24.24609,66505.45011158999,6.492249059663158,472.4711587181371
Wandsworth,1556463061.0,59620.0,101833.749743,-345.398165,8205.0,2253.0,3597.0,5675.0,26888.0,1578.0,401.0,575.0,1404.0,1695.0,2.0,28.0,242.0,12.0,643175,1039275808,344617123,-396.21560979,101824.27735604,8.770822743398003,902.9051921486557
Warrington,992673475.0,53940.0,72941.410714,-3517.549158,5698.0,1860.0,2619.0,3892.0,18399.0,900.0,466.0,352.0,1014.0,1139.0,10.0,19.0,189.0,9.0,9562,495508304,530630896,-3499.24130196,72932.96421682,33.351314569950134,1848.5430976088635
Warwick,503818894.0,31300.0,36348.203759,-1088.506897,2913.0,942.0,1287.0,1960.0,9225.0,446.0,249.0,184.0,511.0,560.0,7.0,31.0,91.0,6.0,166800,297796380,185643535,-1100.66458475,36349.4857185,25.924170252875765,939.425247530944
Watford,270341326.0,11190.0,17463.00411,-133.338253,1388.0,451.0,653.0,976.0,4735.0,239.0,99.0,85.0,253.0,284.0,0.0,15.0,38.0,1.0,44954,172529058,66990586,-136.65001662,17465.034437759998,0.940064025455178,103.47650700204167
Waveney,354298177.0,18290.0,24547.782384,780.627364,1969.0,603.0,874.0,1338.0,6311.0,297.0,171.0,107.0,361.0,369.0,4.0,24.0,59.0,12.0,104832,300596868,134732520,731.5948926,24539.69668644,22.861956007586592,848.3467130085978
Waverley,481088217.0,25170.0,31674.474576,-424.864791,2474.0,852.0,1135.0,1766.0,8160.0,380.0,239.0,186.0,433.0,444.0,4.0,60.0,105.0,6.0,144846,307248697,87053065,-385.90317619,31666.09655665,27.462881751595067,899.8384433313848
Wealden,669598545.0,39700.0,42328.539538,170.996777,3450.0,1201.0,1570.0,2282.0,10922.0,563.0,268.0,209.0,622.0,692.0,7.0,19.0,105.0,8.0,81438,461244888,97370763,170.482143,42325.45502097,88.80239314838265,2121.6248611463725
Wellingborough,226678756.0,13780.0,16474.374087,-219.218005,1350.0,421.0,587.0,868.0,4275.0,183.0,132.0,105.0,210.0,253.0,4.0,4.0,52.0,2.0,58275,153652905,84050505,-224.98875945,16472.16258975,6.770109760282575,244.1016239494751
Welwyn Hatfield,471144135.0,27250.0,31065.051471,-124.203357,2426.0,837.0,1175.0,1732.0,8063.0,387.0,213.0,148.0,452.0,469.0,2.0,26.0,95.0,8.0,153000,315207000,125080200,-111.10799399999999,31056.523134,10.118152818679802,570.2806077516648
West Berkshire,576468677.0,35870.0,38731.660915,-924.177879,3106.0,987.0,1390.0,2139.0,10030.0,512.0,241.0,203.0,550.0,637.0,6.0,16.0,89.0,5.0,27861,339282975,129587535,-959.05095012,38738.53000041,68.6034199842574,1490.0844418039844
West Devon,260011202.0,17260.0,17119.286282,-1372.171094,1370.0,505.0,579.0,957.0,4482.0,197.0,141.0,68.0,270.0,264.0,5.0,14.0,49.0,6.0,29406,86656102,29405324,-1363.3465957800001,17124.7290513,49.89900425704446,931.7273006857474
West Dorset,468202589.0,28010.0,29237.295896,-1475.522063,2429.0,856.0,1102.0,1591.0,7684.0,371.0,205.0,117.0,459.0,483.0,9.0,2.0,77.0,5.0,52992,206072640,57405888,-1497.95137152,29257.90356672,79.47301019465549,1908.0589953322315
West Dunbartonshire,246114454.0,11700.0,17454.946731,-1402.907119,1265.0,384.0,544.0,878.0,4269.0,180.0,132.0,82.0,230.0,233.0,2.0,10.0,64.0,3.0,113256,75786048,212655144,-1410.47088936,17472.44036928,7.9595480254617605,385.8213222506635
West Lancashire,501549831.0,29010.0,37023.990279,-1966.569118,2876.0,1041.0,1236.0,1908.0,9267.0,452.0,239.0,158.0,533.0,552.0,7.0,25.0,103.0,4.0,107796,236744201,285568188,-1982.4306991,37046.45048693,32.54005133716067,1244.4352107651819
West Lindsey,482435924.0,32390.0,33781.225535,-332.144005,2498.0,941.0,1132.0,1774.0,8391.0,382.0,251.0,146.0,487.0,537.0,8.0,19.0,57.0,12.0,108243,316065762,247076358,-321.39943266,33802.47865926,98.85289650807317,1928.0086063888975
West Lothian,576141653.0,28350.0,38065.192821,-2431.43311,2878.0,929.0,1197.0,1911.0,9036.0,379.0,302.0,162.0,519.0,501.0,6.0,28.0,128.0,18.0,247884,203947923,455258034,-2457.79035129,38067.35549964,41.93427525505966,1181.0947516609658
West Oxfordshire,355978918.0,21490.0,23163.162132,-668.881491,1760.0,624.0,800.0,1234.0,6014.0,274.0,173.0,113.0,334.0,353.0,6.0,31.0,53.0,4.0,91188,194151321,96469752,-671.80525341,23172.435733590002,41.67092603029006,825.8829010826879
West Somerset,130747721.0,8530.0,9157.188657,-610.065587,714.0,279.0,309.0,502.0,2373.0,104.0,75.0,44.0,135.0,132.0,6.0,8.0,32.0,1.0,37411,52763472,24469658,-627.3842653700001,9150.46205525,16.71883546239996,388.19052967154056
Westminster,2050425725.0,87000.0,148100.471098,-437.308334,11794.0,3289.0,4644.0,8157.0,38876.0,2350.0,525.0,984.0,1891.0,2516.0,1.0,36.0,311.0,11.0,937250,1518770500,520004125,-439.73125,148097.60619375002,7.990667952839376,894.1027892471448
Weymouth and Portland,154605753.0,6060.0,9262.630956,-450.384765,710.0,234.0,341.0,524.0,2358.0,139.0,44.0,45.0,138.0,162.0,1.0,2.0,18.0,0.0,17019,67376025,14916330,-448.59521268,9265.72929333,0.972731851237092,146.66641461200925
Wigan,716510048.0,37270.0,59247.874249,-2869.450918,4569.0,1582.0,2093.0,3138.0,15591.0,723.0,384.0,333.0,774.0,854.0,4.0,73.0,173.0,3.0,295569,400884552,445153482,-2847.7242346499997,59240.49622749,28.23919717132131,1161.424261068909
Wiltshire,1609589845.0,93990.0,101643.528821,-3937.173603,8123.0,2794.0,3721.0,5555.0,26208.0,1292.0,689.0,547.0,1434.0,1644.0,18.0,55.0,249.0,15.0,104993,802719029,314707603,-3816.61439019,101682.41365632,831.6914695849383,9111.737614073345
Winchester,517619145.0,32220.0,33878.222969,-834.94912,2813.0,886.0,1285.0,1836.0,8738.0,460.0,204.0,167.0,497.0,564.0,1.0,17.0,78.0,4.0,84328,300868360,83598264,-825.96950672,33883.93438888,56.27114226820519,1313.2350384455451
Windsor and Maidenhead,589161602.0,31300.0,37225.199214,-491.643201,3032.0,946.0,1380.0,2064.0,9572.0,542.0,181.0,214.0,509.0,601.0,6.0,22.0,86.0,8.0,28920,355773117,127639143,-488.32140831000004,37220.28513315,18.573071980576486,962.900500504838
Wirral,792385714.0,37740.0,60525.418151,-3458.679923,4663.0,1666.0,2041.0,3174.0,15573.0,814.0,320.0,277.0,857.0,948.0,1.0,36.0,145.0,4.0,308448,373360428,438786558,-3475.73277072,60526.72656828,24.054064273003714,1011.7090671002107
Woking,420170224.0,18490.0,27148.406359,-293.975465,2216.0,681.0,981.0,1503.0,7067.0,380.0,149.0,157.0,372.0,412.0,8.0,49.0,58.0,2.0,124315,264017023,83339718,-306.72476942000003,27142.12703172,4.336786757250062,338.2113987865449
Wokingham,523634387.0,29220.0,35435.08504,-615.722385,2865.0,903.0,1247.0,1981.0,9174.0,491.0,198.0,204.0,485.0,593.0,6.0,19.0,69.0,2.0,28249,328393936,117062478,-619.65214311,35430.41831693,15.946308776226362,684.379091793641
Wolverhampton,641471777.0,28780.0,48485.074219,-1952.391162,3853.0,1234.0,1687.0,2636.0,12707.0,627.0,295.0,260.0,662.0,703.0,5.0,82.0,127.0,5.0,264614,360928886,276614752,-1961.5181200000002,48495.24657704,8.495521272372837,603.5001128204143
Worcester,248855301.0,10220.0,17068.262986,-724.401543,1373.0,413.0,561.0,938.0,4517.0,236.0,91.0,76.0,251.0,280.0,0.0,1.0,42.0,4.0,82077,126132075,83449092,-722.7517173,17067.706270799998,1.432072774899879,118.97244807350597
Worthing,320163015.0,13680.0,20939.603155,-160.637384,1709.0,493.0,773.0,1161.0,5485.0,325.0,87.0,93.0,319.0,351.0,1.0,13.0,44.0,3.0,101764,211223748,43238576,-165.32324,20943.23694044,1.709662595840296,138.25014192973396
Wrexham,496071629.0,26150.0,32777.819418,-1853.276442,2648.0,861.0,1148.0,1738.0,8642.0,399.0,219.0,181.0,437.0,491.0,4.0,29.0,88.0,6.0,231750,206117214,213449166,-1849.0744843799998,32755.03257912,41.678873828799546,1413.7402373125726
Wychavon,376245650.0,25890.0,27132.840418,-1081.437738,2029.0,741.0,970.0,1455.0,6642.0,336.0,184.0,138.0,382.0,437.0,9.0,4.0,64.0,6.0,131040,207475320,128876280,-1048.3927896,27107.0074444,45.34503865068892,1327.4784957736172
Wycombe,531051866.0,29270.0,35366.710604,-527.752126,2806.0,953.0,1277.0,1929.0,9279.0,459.0,226.0,224.0,461.0,549.0,2.0,37.0,89.0,8.0,41100,330496745,134980620,-554.0485637,35391.34613005,28.893045180297978,891.5763468843268
Wyre,444023623.0,23180.0,32600.271542,-1787.498729,2414.0,822.0,1116.0,1692.0,8236.0,439.0,166.0,131.0,474.0,503.0,3.0,25.0,73.0,1.0,94985,210072335,269321195,-1696.79511815,32609.44553185,23.34224444472019,1318.0545299694984
Wyre Forest,327636588.0,17210.0,23256.203886,-1002.138936,1856.0,588.0,816.0,1242.0,6092.0,331.0,113.0,110.0,334.0,387.0,1.0,6.0,48.0,2.0,112332,170543064,122716272,-992.3133822,23259.073057920003,11.459324951803561,523.5826242403931
York,727114727.0,38150.0,53208.312743,-1064.676729,4089.0,1241.0,1860.0,2804.0,13476.0,698.0,288.0,255.0,731.0,826.0,4.0,40.0,106.0,10.0,13804,454411904,446252754,-1058.7175197200002,53210.29882566,36.724450071437666,1211.2033011381332
