ObjectID,Longitude,Latitude,lad16nm,Speed_limit,Day_of_Week,Number_of_Casualties,Number_of_Vehicles,Accident_Severity,time_of_day,Surface_Conditions_Dry,Surface_Conditions_Wet,Light_Conditions_Darkness,Light_Conditions_Daylight,Weather_Fine,Weather_Fog_mist,Weather_Other,Weather_Raining,Weather_Snowing,objectid,bng_e,bng_n,long,lat,st_areasha,st_lengths
1,-1259.551179,33721.195318,Aberdeen City,20210,2430,682,973,1622,7913,357,233,186,404,473,3,16,90,8,211220,228780170,477002020,-1300.3481823,33728.511887,16.2718149914166,940.698755439514
2,-2158.219518,53279.380484,Aberdeenshire,51050,3781,1231,1485,2454,12408,425,505,254,676,690,4,10,184,42,333870,327625980,759136680,-2596.6063884,53228.2525674,874.452291451981,9130.46333392736
3,-41.092106,7015.197488,Adur,5230,564,183,256,386,1905,103,35,36,102,114,0,5,19,0,33258,71492970,14693274,-44.75754,7016.71071654,0.739187872107024,91.0832550188541
4,-1735.959921,28386.292924,Allerdale,23830,2218,780,928,1470,7054,311,208,128,391,391,4,30,89,5,34254,164790804,276624405,-1702.81828152,28381.63450494,91.0245234369891,2076.6602626692
5,-790.855784,29598.467721,Amber Valley,22710,2318,730,1042,1582,7609,349,209,145,413,400,2,60,90,6,40176,243380628,194230872,-815.90203674,29590.09222338,19.849473802782,709.1982042991
6,-1098.329787,22419.749628,Angus,19670,1567,524,641,1083,5329,219,177,108,288,322,2,4,57,11,144540,136825128,300799224,-1145.1884598,22463.02084356,127.017608308909,1612.02380896756
7,0,0,Antrim and Newtownabbey,0,0,0,0,0,0,0,0,0,0,0,0,0,0,0,327,130813,541285,-6.17759991,54.6938591,0.101367914408697,2.02249083146661
8,0,0,Ards and North Down,0,0,0,0,0,0,0,0,0,0,0,0,0,0,0,337,164321,524944,-5.64567995,54.56409073,0.07836436626509,2.03399892185705
9,-2050.138508,22505.751322,Argyll and Bute,20400,1609,573,641,1092,5248,177,224,90,311,264,1,11,117,8,144360,80496740,286892242,-2093.67710391,22572.06091271,405.579707563297,17193.8044819938
10,0,0,"Armagh City, Banbridge and Craigavon",0,0,0,0,0,0,0,0,0,0,0,0,0,0,0,328,112110,508158,-6.43454981,54.38669968,0.198370144323865,2.9575728400363
11,-340.72463,28914.949053,Arun,22000,2270,719,1069,1582,7613,402,167,156,413,476,1,22,66,4,137698,281737505,60156956,-369.83862569,28929.78552839,16.0501273054784,1008.68434333614
12,-734.581084,31112.983329,Ashfield,23660,2514,798,1073,1661,7978,383,203,150,436,478,5,15,77,11,113098,263720510,208523998,-734.97292586,31115.11702738,8.61622421082014,469.257576679296
13,647.707163,39374.444565,Ashford,35170,3087,1080,1381,2194,10223,517,253,196,574,598,6,54,106,6,103180,460182800,108295880,633.9979569,39370.8380912,57.3872562552728,1322.74560438053
14,-713.396658,43300.405872,Aylesbury Vale,37780,3409,1119,1504,2359,11146,566,269,223,612,705,11,35,79,5,47595,398570550,186222535,-732.6791,43336.8166153,98.4610575773657,2370.46695864391
15,457.520229,25237.93365,Babergh,22660,2076,704,902,1374,6445,291,194,117,368,378,10,24,69,4,105730,290997090,118658645,444.3720253,25251.12655795,37.8166071765699,1085.41940484189
16,119.34721,48150.138135,Barking and Dagenham,29680,3909,1169,1734,2705,12796,791,143,251,683,825,1,13,92,3,275530,511606906,172889938,120.95861334,48143.51640852,4.37043126858493,428.092804377589
17,-424.262336,103566.912153,Barnet,66580,8171,2483,3672,5797,27738,1572,435,560,1447,1695,3,63,228,18,594072,1050608304,384848271,-437.94747,103583.43790119,22.6139845528471,1160.27823862674
18,-1627.838073,59378.301862,Barnsley,42820,4614,1543,1978,3168,15389,779,330,285,824,876,7,61,154,11,302757,476846711,447289643,-1718.11826109,59360.07702252,49.4992212723977,1741.2930811768
19,-851.86465,14343.780865,Barrow-in-Furness,8980,1075,334,471,767,3693,189,76,53,212,213,1,14,36,1,17755,85263750,125655315,-847.9363894,14351.7034528,2.84173102929756,360.327907801358
20,382.571608,41319.031432,Basildon,32310,3264,1075,1527,2275,10753,549,252,243,558,667,7,32,86,9,79299,457809948,152869248,380.51906301,41323.87734273,11.4286712039391,658.969558999459
21,-781.352304,35276.391806,Basingstoke and Deane,32530,2865,886,1236,1903,9252,445,243,192,496,560,7,17,94,10,80496,312701504,104179024,-839.50445248,35266.4458032,56.2022922450479,1166.09251531064
22,-645.23352,33484.272335,Bassetlaw,27910,2586,879,1144,1738,8422,411,217,155,473,513,4,21,77,13,121832,293949844,241676380,-614.62358744,33507.5937166,54.0599601179151,1207.95773705603
23,-1741.753506,36882.537765,Bath and North East Somerset,26990,2953,914,1306,2055,9490,497,221,205,513,567,8,40,94,9,15796,262943806,116315282,-1785.33577744,36873.6374021,32.5570717949451,1189.71303705666
24,-352.297685,39786.844166,Bedford,30590,3091,1015,1400,2167,10342,528,235,180,583,637,11,29,82,4,41202,385865123,195681269,-346.88268237,39825.76273109,47.787869453381,1168.61452304545
25,0,0,Belfast,0,0,0,0,0,0,0,0,0,0,0,0,0,0,0,329,146465,529747,-5.92535019,54.59852982,0.019124992215061,0.798727211673631
26,135.634986,50380.128053,Bexley,31100,4121,1226,1736,2799,13360,742,237,284,695,831,2,17,124,5,290763,537668758,171748907,143.141548,50377.58758021,7.67224502822537,499.176398964744
27,-10710.625212,298751.502109,Birmingham,181270,23329,7799,10484,16332,79299,3937,1756,1638,4055,4326,15,533,771,48,1599733,2323597950,1635894936,-10710.86713,298791.63579183,201.817500447458,7148.87067883296
28,-568.109033,24925.491302,Blaby,22590,1894,647,924,1360,6380,309,165,117,357,374,3,34,62,1,74892,215378490,141249156,-568.26435156,24921.5267718,8.20299720050634,558.458793944242
29,-2133.388993,46263.621065,Blackburn with Darwen,28520,3599,1221,1532,2449,12076,548,313,214,647,664,2,34,154,7,6888,318130890,364035966,-2121.15953112,46236.39039285,16.0620107816776,642.289363155303
30,-2331.073871,41328.532818,Blackpool,23200,3162,1018,1373,2200,10621,548,220,201,567,631,2,16,116,3,6912,255561984,335334144,-2321.54113536,41334.996096,3.65632735913011,299.856418756562
31,-669.076074,10821.039305,Blaenau Gwent,7850,857,311,371,598,2934,133,76,61,148,148,1,17,42,1,80674,66511324,43215139,-665.85728,10816.51059698,2.96010385882346,158.897050553573
32,-603.034058,24842.319161,Bolsover,24110,1904,696,946,1333,6253,308,159,109,358,367,5,33,57,5,34091,209527022,173512916,-594.15475066,24862.49646482,10.0795596181853,516.732688065263
33,-3397.373473,74305.888901,Bolton,46280,5632,1931,2577,3977,19013,897,490,401,986,1060,3,78,239,7,357846,510904224,568493851,-3439.09435096,74321.69002951,26.320886167348,1361.79069633323
34,-14.122617,20922.366372,Boston,16570,1691,545,711,1123,5299,266,129,99,296,311,3,33,45,3,65175,208106145,135861435,-44.3111,20926.28614595,19.2830425027918,738.410700884878
35,-1790.383522,48807.918578,Bournemouth,29800,4048,1164,1797,2763,13250,756,206,249,713,843,0,14,100,5,26936,394486378,90358736,-1788.01164152,48816.5568592,5.6648960005346,559.643589064597
36,-331.923223,22821.678592,Bracknell Forest,18550,1847,602,828,1278,6009,294,150,123,321,366,1,13,61,3,15984,216747036,74943648,-325.73172,22826.61749304,6.27507743924329,321.706855387596
37,-4606.249042,138673.212635,Bradford,83310,10726,3804,4685,7348,36740,1791,786,756,1821,2215,10,26,297,29,742176,1052433915,1130339202,-4829.01463308,138755.52068682,128.98058479958,4215.33315039725
38,386.861065,33047.197595,Braintree,29820,2613,875,1167,1741,8704,409,228,198,439,495,8,38,92,4,63700,367710161,144812395,366.85530063,33070.70849719,50.9236415222824,1230.90369260479
39,458.886882,28282.760821,Breckland,26020,2208,759,964,1470,6955,329,209,133,405,439,11,28,54,6,92536,317966070,163191540,440.46920262,28295.68583004,93.0852852567125,1521.57297751669
40,-337.899551,68672.307497,Brent,40890,5482,1606,2317,3822,18746,1071,261,407,925,1141,2,44,135,10,396936,692127180,248375376,-367.20577332,68683.79566512,7.46448382400688,607.967113873664
41,130.243072,21990.128932,Brentwood,21000,1804,589,843,1199,5690,269,157,112,314,338,2,17,66,3,43026,237946560,83525820,123.57877026,21999.0996327,8.47067685342739,350.769635046893
42,-1783.322987,25509.091028,Bridgend,19560,2044,714,914,1430,6676,355,140,140,355,377,2,35,81,0,188595,142679790,92004660,-1788.72705,25522.48769895,16.0949426359392,519.690046056962
43,-225.374817,78742.312201,Brighton and Hove,49810,6305,1911,2655,4363,20535,1193,356,368,1181,1328,5,55,155,6,66607,821402171,165509101,-233.57372549,78761.21138355,16.3775813790168,1072.64277828702
44,-5487.730769,109097.598773,"Bristol, City of",66400,8695,2561,3954,6078,28411,1572,548,632,1488,1699,5,122,288,6,48760,763178800,370673520,-5464.1304,109118.8368128,30.1044272783192,2705.5056911918
45,611.081082,24339.114456,Broadland,21130,1970,663,859,1296,6227,291,171,128,334,387,5,16,46,8,79926,286377630,145949958,578.57737014,24345.6538248,33.9079353917969,1119.29527984871
46,33.673387,92467.485597,Bromley,54450,7332,2231,3226,5123,24408,1380,419,452,1347,1533,3,21,235,7,537901,975122764,298108692,70.603554,92419.43192678,34.869173889574,1545.12975257012
47,-846.630038,21886.459101,Bromsgrove,19940,1645,588,798,1195,5713,282,136,120,298,345,3,7,56,7,103664,167133120,114421648,-837.5717218,21887.18663736,11.9759757391227,552.772338627669
48,-14.329366,20687.613455,Broxbourne,16030,1612,530,758,1155,5497,293,107,101,299,337,1,17,43,2,51200,213896800,81700400,-20.292,20688.319396,2.6781990276548,178.339125693341
49,-620.568498,26215.987737,Broxtowe,18530,2023,661,921,1412,6963,332,163,136,359,400,5,18,68,4,96525,222665355,169237035,-623.42277525,26221.1891535,5.3101101513344,374.346200598722
50,-1248.143956,29746.771241,Burnley,19720,2317,808,992,1572,7780,334,219,146,407,447,2,15,86,3,80738,212841958,238277746,-1233.63235023,29737.0547929,8.34868879519442,379.812426597939
51,-1758.591462,41038.530258,Bury,26190,3157,1098,1427,2199,10813,495,271,219,547,585,4,48,126,3,198394,290818028,314648288,-1768.54078468,41052.315749,10.3448081280328,610.422702574
52,-1426.30363,22981.352316,Caerphilly,16090,1868,638,775,1252,6063,312,133,119,326,346,2,23,70,4,171325,141174025,86890255,-1422.90086335,22984.2540762,16.0378512860422,579.618801938064
53,-2023.564889,58057.81262,Calderdale,39490,4620,1630,2031,3045,14773,743,338,330,751,915,1,17,132,16,312409,435228977,459312576,-2120.72743081,58071.84090147,53.594066835483,1417.41844541365
54,96.957904,37846.387726,Cambridge,22390,2987,826,1375,2089,10053,537,188,200,525,581,5,63,74,2,44225,395429500,186978225,91.6661,37845.12224225,3.8798946073249,321.8236614813
55,-197.892469,70144.306057,Camden,40820,5574,1504,2321,3880,18529,1094,267,425,936,1183,1,16,150,11,408300,717916612,250810524,-221.69329,70150.1050683,3.84694386494259,409.811728770684
56,-910.391146,23978.510693,Cannock Chase,16510,1843,616,881,1329,6401,294,161,119,336,358,1,22,70,4,95550,182573755,141756615,-902.16033635,23979.2553728,4.77658133189283,263.387514426961
57,737.191899,34625.498455,Canterbury,28450,2785,898,1246,1926,8604,471,204,143,532,549,5,21,93,7,91125,415817550,106714800,739.97345475,34614.69440625,26.8506637218977,1058.49708406281
58,-4314.551442,69678.128714,Cardiff,46870,5574,1875,2500,3931,18504,990,363,372,981,1050,1,80,217,5,518199,426560310,242034111,-4359.52842765,69682.93741827,24.9485159369086,1255.51888673445
59,-1738.956536,32722.183829,Carlisle,23640,2492,819,1070,1710,8375,373,223,150,446,478,1,35,80,2,40528,207672624,336856220,-1673.00179404,32767.29307736,86.9351292734099,2040.57978267669
60,-3762.557324,46840.051139,Carmarthenshire,39950,3732,1306,1656,2543,12064,574,330,197,707,671,4,48,169,12,341712,224150416,202616232,-3806.8344904,46913.03558648,279.968059761443,5831.68301633565
61,202.087254,17784.859515,Castle Point,12210,1450,452,688,990,4707,263,82,94,251,305,1,12,25,2,35190,199924050,64832745,202.8889731,17788.75190685,2.01316706318617,285.095927543759
62,0,0,Causeway Coast and Glens,0,0,0,0,0,0,0,0,0,0,0,0,0,0,0,330,106168,581420,-6.59959984,55.03961945,0.278749729879498,4.46245534496884
63,-629.239294,68139.219518,Central Bedfordshire,62800,5329,1890,2530,3702,17400,872,439,377,934,1082,14,56,147,12,72105,661550265,307419012,-626.05492689,68170.72973277,122.839680651235,3566.40501684145
64,-1507.935815,19030.787238,Ceredigion,18210,1490,545,689,1033,4911,213,151,86,278,273,3,25,60,3,136864,97233864,97711068,-1437.77814908,19036.45406936,85.720316814524,1536.8668142621
65,-699.8863,31644.440725,Charnwood,25270,2484,809,1131,1711,7996,394,206,162,438,466,5,43,76,10,95400,275019000,189693000,-682.164,31643.939208,22.2877087711146,819.275793533683
66,389.013328,40910.52101,Chelmsford,35180,3259,1043,1467,2203,10492,523,268,208,583,625,9,48,100,9,81473,452542965,163714852,388.50992509,40922.40962383,35.2166878505593,1119.00638400725
67,-722.37286,17957.322051,Cheltenham,11160,1397,415,645,987,4533,247,99,78,268,288,1,10,44,3,38406,136644050,76892272,-718.00190346,17956.91876936,2.10530493529284,149.411623655534
68,-1022.639397,42281.593373,Cherwell,41300,3331,1106,1507,2296,10823,538,276,199,615,664,14,36,96,4,162800,365731014,180057614,-1046.0388807,42236.1803116,62.6968167944807,2122.50708267192
69,-5229.868536,119045.690361,Cheshire East,101990,9178,3208,4313,6224,29994,1352,886,591,1647,1774,9,60,373,22,107424,851581380,813427956,-5131.71155286,118989.8286828,351.077157258664,7841.65117218875
70,-5575.359675,107685.960627,Cheshire West and Chester,90540,8368,2854,3835,5629,27368,1356,667,458,1565,1679,5,65,262,12,99127,714315231,734642335,-5468.12862092,107549.4784938,249.497621259758,7425.70891014354
71,-537.239786,20289.184785,Chesterfield,13640,1611,538,714,1093,5314,270,111,102,279,304,0,27,49,1,28194,167658669,142249779,-533.83814619,20290.44027375,3.38934879953827,241.07494231005
72,-542.014205,36588.785815,Chichester,33850,2882,988,1332,1998,9573,460,259,178,541,587,2,20,106,4,174717,352514915,83835400,-515.01970719,36627.13165935,72.3383856051706,1955.82829701999
73,-220.041744,18342.737261,Chiltern,14970,1427,498,666,1008,4680,229,126,101,254,292,4,15,44,0,20590,175878360,70535660,-220.4975929,18346.01009285,9.0637716699437,353.983985648951
74,-1579.123196,32037.402173,Chorley,25720,2448,939,1114,1662,8134,380,217,147,450,483,2,13,91,8,87759,214435833,250575228,-1563.66837,32042.42365371,16.4620794680568,712.400245463177
75,-264.469085,7511.938114,Christchurch,6330,623,209,283,427,2007,100,48,39,109,128,0,1,17,2,13024,61137764,14254324,-268.7236074,7513.40509028,0.951085744014056,107.752334299696
76,-6522.123514,113166.213717,City of Edinburgh,69380,8357,2425,3470,5766,27362,1389,634,547,1476,1607,8,88,301,19,730303,647750439,1354228568,-6631.91995977,113108.33743069,76.586803840466,2818.15685415358
77,-50.545856,28126.778542,City of London,16440,2257,612,895,1547,7052,453,93,141,405,478,0,14,53,1,160524,290680572,99021468,-51.05646,28127.53958196,0.20491348098585,59.9978342336526
78,-467.442572,6960.374268,Clackmannanshire,4900,481,168,203,346,1720,79,45,29,95,88,3,9,24,0,41912,36103716,86345540,-465.4265476,6962.25772156,2.85018311879268,148.867511016349
79,658.351931,38707.303314,Colchester,29860,3021,956,1362,2079,9847,507,239,205,541,615,6,30,89,6,77584,445320224,166874232,641.39291092,38700.2497211,32.4253260686282,1808.91329853224
80,-1651.964365,23480.285416,Conwy,19180,1737,625,784,1245,5870,273,168,75,366,340,1,2,91,7,164052,124932213,159889842,-1652.18884236,23437.99831086,66.9540445688096,1451.91437211315
81,-1407.684799,21901.776787,Copeland,17290,1677,573,737,1139,5319,248,154,81,321,302,7,19,71,3,27738,124970142,204513882,-1357.40931216,21895.40851668,41.0638674299048,1077.89301959846
82,-141.752869,10602.896308,Corby,7310,840,260,362,560,2783,141,61,73,129,167,1,5,27,2,36158,98548124,58717562,-142.7938,10606.4078289,2.14680876315446,161.116954476068
83,-13128.234091,134695.197886,Cornwall,126170,11033,3838,4838,7652,36064,1599,1076,509,2166,2103,35,85,442,10,136425,568440175,172521450,-12418.66050925,134954.364287,1200.41416149344,34474.8079702589
84,-833.012142,22590.647124,Cotswold,21510,1828,645,836,1209,5806,274,162,106,330,348,4,13,62,9,48832,175326500,90779124,-859.17724,22572.83122448,66.2253871508166,1673.28828897461
85,-3834.585884,130690.357732,County Durham,102940,9929,3538,4335,6718,32178,1494,893,584,1803,1948,18,34,341,46,112189,979579447,1270461654,-4393.2735,130533.40786409,742.686856372679,9170.6436953774
86,-1961.546117,68350.41094,Coventry,42760,5358,1746,2424,3729,18193,940,364,353,951,1030,2,118,148,6,367728,564380328,364714456,-1980.88037216,68348.1563764,16.998854836289,838.237360397558
87,-827.244042,21116.767219,Craven,20060,1497,558,682,1056,5166,237,154,83,308,306,6,11,64,4,72726,152299974,180637699,-845.20904436,21135.02036723,63.3219080398047,944.878966469345
88,-79.521531,22443.18166,Crawley,17090,1776,573,829,1257,5812,292,147,104,335,360,1,11,61,6,107116,231085210,60398059,-85.74986561,22443.24700611,2.5356006098026,199.17156389262
89,-177.755618,94785.614679,Croydon,55490,7489,2273,3300,5329,24887,1386,459,489,1356,1546,6,41,243,9,555345,985086090,303954525,-143.19045,94770.2298528,20.6072594163027,1229.35104476056
90,-294.518953,30748.277795,Dacorum,25370,2477,830,1174,1704,7989,368,226,163,431,486,2,30,71,5,76626,297049896,123994530,-327.28210218,30750.46030386,16.4418275472721,762.280248777084
91,-775.265199,27212.436399,Darlington,18680,2059,683,901,1439,6645,324,175,105,394,419,3,6,64,7,2495,213586471,257308851,-782.60663004,27213.1400492,13.6902774248669,657.161126768107
92,191.864896,40120.543898,Dartford,36020,3237,1100,1607,2267,10424,544,236,210,570,615,9,44,108,4,106080,433810260,134875260,191.31528,40118.3102424,7.33665397750662,504.506381880687
93,-405.695582,19822.024942,Daventry,20220,1567,536,733,1006,5133,251,128,112,267,300,10,6,54,9,68220,177101394,101737623,-384.48412242,19825.46738886,33.2680205304114,796.046665030976
94,-1363.071651,21391.029166,Denbighshire,17590,1611,599,746,1136,5426,264,138,78,324,318,1,22,59,2,149946,124556886,142877232,-1345.73922,21341.50838664,45.2353822596483,1110.16394929007
95,-1942.821166,69899.941643,Derby,45890,5513,1726,2494,3797,17811,896,425,372,949,1031,6,110,162,12,19815,575439489,443030375,-1944.36665037,69900.23748492,13.7770105121549,796.061839540539
96,-815.197383,25980.365204,Derbyshire Dales,23640,1924,687,924,1366,6604,281,208,108,381,369,7,35,69,9,36675,205231833,175303077,-834.77681445,25977.2743845,52.2525814725409,1384.88125592584
97,0,0,Derry City and Strabane,0,0,0,0,0,0,0,0,0,0,0,0,0,0,0,331,51779,559566,-7.42063999,54.80904007,0.174472215032942,3.31273783775635
98,-2006.563715,95229.27671,Doncaster,72230,7309,2527,3321,5074,24221,1212,567,521,1258,1413,13,100,241,12,487446,816858093,718244565,-1972.80427779,95224.47946989,137.056811394919,3704.42605589556
99,486.513392,19197.488956,Dover,16730,1572,536,706,1069,5000,251,124,87,288,276,5,28,58,8,51375,235862625,56602500,478.8483825,19204.40197125,15.1893884197661,594.42561043106
100,-2227.045018,55536.071069,Dudley,33370,4478,1486,1910,2972,14791,672,386,292,766,810,6,78,153,11,299414,415996078,305321872,-2223.60926464,55539.84609054,13.7169660256145,891.439726607111
101,-2572.749771,37710.489869,Dumfries and Galloway,35330,2811,924,1099,1868,8706,401,284,195,490,525,7,22,117,14,232215,185391825,397202045,-2759.6113993,37740.90940535,620.392938275587,8917.93097176484
102,-893.219023,16999.156721,Dundee City,9730,1216,371,521,844,4086,197,104,76,225,249,1,1,49,1,110166,102427591,220375645,-894.25591689,16999.7576301,2.62746971667485,194.524411862216
103,-585.642779,91712.814614,Ealing,55910,7365,2215,3301,5144,24784,1452,328,563,1217,1534,10,44,186,6,537560,920361460,323888800,-559.0445822,91713.4841896,12.8074518478581,1033.87962454365
104,-1620.350803,20330.811793,East Ayrshire,17510,1499,478,607,1032,4853,192,174,94,272,261,0,15,81,9,124440,93475668,228726210,-1570.34853948,20311.80626538,66.0745305152411,1518.02333392845
105,102.007977,18529.74902,East Cambridgeshire,18300,1448,511,608,972,4718,222,132,109,245,274,4,29,44,3,21948,196674258,97620810,100.23970554,18534.68939256,30.4076900191627,983.240395051853
106,-2066.298064,32058.373346,East Devon,28750,2587,886,1113,1811,8394,389,243,118,514,494,2,24,108,4,50560,198305800,60706760,-2037.44789472,32078.83383304,65.6236495716334,1592.70632954727
107,-831.164317,21852.027304,East Dorset,19330,1781,621,851,1192,5637,301,129,106,324,374,1,5,50,0,38270,172724550,47285380,-850.2819785,21882.343788,19.4736416864071,681.399428094822
108,-931.600326,12249.275208,East Dunbartonshire,7910,891,283,376,616,3016,119,100,51,168,157,1,10,51,0,80592,57211560,148077726,-925.09327599,12254.8655319,5.49550934436732,276.43049943081
109,-402.323681,22008.51157,East Hampshire,20610,1794,554,760,1183,5726,279,152,122,309,348,5,7,69,2,50858,204468124,55701147,-405.01501862,22005.84780512,28.4541972748918,707.811538771489
110,3.380991,30168.580469,East Hertfordshire,27480,2428,830,1075,1644,7610,356,226,156,426,468,1,32,77,4,148992,313113090,128255340,1.594098,30185.34217038,36.1332565879012,908.988617976444
111,70.799567,45731.749425,East Lindsey,41370,3389,1248,1436,2389,11419,498,361,212,647,644,13,50,133,19,142594,459446458,323075054,17.651591,45754.49029286,204.156863846633,3132.26246633694
112,-849.567405,16564.12917,East Lothian,13350,1218,382,472,833,3910,181,115,66,230,223,0,17,52,4,100936,105036784,199015896,-806.40759408,16558.85272296,28.9174394110449,742.095441141763
113,-132.342834,12469.937916,East Northamptonshire,11020,1005,321,444,641,3238,167,71,71,167,206,1,2,28,1,43078,119319872,68505682,-121.18959524,12490.02381032,16.0459734915655,454.214239099058
114,-992.777355,12719.94381,East Renfrewshire,8580,929,285,377,647,3120,120,108,58,170,157,0,13,53,5,77976,57439812,148910220,-994.21679772,12710.69906508,5.68465629386921,267.985979728362
115,-617.68091,76099.334427,East Riding of Yorkshire,62250,5848,2090,2537,3891,19069,925,488,326,1087,1201,13,28,147,24,15543,689616063,626818104,-935.44836174,76134.16636101,464.728670079171,8768.16783191221
116,-1058.549108,32599.304547,East Staffordshire,25660,2408,843,1169,1790,8304,388,229,182,435,494,4,31,83,5,130187,254574817,201493073,-1119.47249085,32600.1264849,32.1288217315901,1346.77291950636
117,76.361821,13713.180754,Eastbourne,9080,1140,353,513,756,3720,200,70,62,208,225,0,10,35,0,25380,151024770,26893350,69.84873,13709.0155779,1.51953547764501,109.095330116829
118,-875.922483,33314.068446,Eastleigh,26800,2640,845,1276,1878,8817,461,193,169,485,536,2,23,91,2,77826,292470108,76388508,-869.44720692,33320.46223908,6.67740095279215,541.728655843547
119,-994.108025,20378.928183,Eden,20480,1538,512,628,1041,4888,219,154,93,280,280,6,15,62,10,26110,134144228,196345708,-979.78895119,20377.38880414,111.923168557364,1221.74562901793
120,-251.746904,32824.372408,Elmbridge,22830,2599,861,1237,1824,8605,465,174,184,455,483,3,78,72,3,143775,327092598,104577462,-252.02799639,32819.66685261,7.94363084312206,385.508979219936
121,-136.884673,88819.119021,Enfield,58330,7220,2232,3206,4972,23701,1374,346,499,1221,1477,4,61,164,14,521160,916465880,337458840,-140.1284,88836.0736,18.3598081209226,855.826126517061
122,74.187212,38817.959937,Epping Forest,35910,3215,1005,1463,2093,9853,495,256,227,524,596,6,34,108,7,78855,412238169,153022258,115.764397,38836.30637144,33.1069268512711,1062.34333976129
123,-77.348463,15247.972817,Epsom and Ewell,9550,1266,396,539,833,3801,211,86,88,209,228,1,32,32,4,67122,154789272,47958075,-77.73084,15247.81689948,1.30756415935019,93.8220301599158
124,-578.918992,23289.431553,Erewash,17460,1841,571,853,1240,6007,313,127,127,313,333,2,45,57,3,33440,195237240,148747720,-594.396022,23292.808836,6.45119860143704,386.993643862609
125,-1714.205368,24751.809612,Exeter,17010,1955,571,917,1416,6609,364,124,103,385,420,2,11,55,0,39528,143099168,44897464,-1714.69537952,24750.28646832,2.9236842955021,262.988494255598
126,-1788.069846,26489.713604,Falkirk,19760,1985,604,831,1326,6484,276,197,117,356,328,3,34,102,6,162712,137009653,321420528,-1783.49383784,26486.12708082,20.2503654864845,889.693811153185
127,-640.991281,27155.715751,Fareham,20350,2201,661,1036,1512,7154,386,148,127,407,451,1,6,76,0,64080,242315316,56777016,-660.78225864,27155.99938362,5.06447446699733,390.111027323353
128,45.069955,27975.813706,Fenland,23210,2195,727,954,1489,7052,354,178,146,386,414,9,51,57,1,33516,285344052,156918188,4.796512,27948.85330328,38.5366614545536,1196.91638624899
129,0,0,Fermanagh and Omagh,0,0,0,0,0,0,0,0,0,0,0,0,0,0,0,332,41233,513013,-7.52710009,54.38520813,0.416102131449615,5.21601188763148
130,-3038.096706,53361.799232,Fife,41450,3901,1255,1633,2631,13214,557,393,266,684,751,8,42,132,17,327750,322237150,669489700,-2833.2326045,53419.6121175,182.404339230739,4141.98042519319
131,-1949.37807,33360.668304,Flintshire,27350,2499,897,1130,1773,8558,407,220,162,465,501,2,36,83,5,234498,201620628,231552981,-1991.38331865,33365.79313716,36.9127461391466,1518.24813174501
132,175.26364,18158.530886,Forest Heath,16280,1477,514,686,967,4534,221,126,86,261,274,4,20,44,5,75993,198593652,94934342,183.07928547,18159.65828199,17.2899665093718,605.755999487518
133,-780.89002,16217.35304,Forest of Dean,13960,1217,442,583,864,4308,198,115,85,228,253,3,6,44,7,35369,114925775,66593567,-775.47315939,16217.30891928,21.4954611682058,678.105028529174
134,-1005.229504,18504.625772,Fylde,15670,1380,520,654,974,4423,226,118,83,261,283,1,10,46,4,50912,116809328,149231328,-1004.14285936,18506.20242408,7.77681548884938,431.143378765575
135,-1349.918115,45817.992676,Gateshead,32220,3483,1181,1587,2393,11468,556,278,205,629,694,5,12,109,14,244362,350420112,466754772,-1406.7912,45812.61923208,16.6509872737998,925.98687005497
136,-562.413412,26608.086542,Gedling,17950,2090,667,921,1418,6794,318,184,157,345,408,3,13,73,5,98392,230510368,174601122,-561.7731651,26618.21947316,8.07070585234053,415.175463918083
137,-10910.946132,143112.619496,Glasgow City,84160,10744,3206,4369,7261,35659,1511,1051,778,1784,1907,4,78,554,19,945378,670050108,1708938546,-10798.29164694,143155.5713511,64.2219964055227,4458.02160184302
138,-890.935547,20637.69353,Gloucester,12830,1653,487,749,1132,5504,285,113,89,309,342,0,18,36,2,45372,152860258,86146702,-888.58674398,20634.87071832,2.10637160464232,155.864712824985
139,-273.469689,11991.410011,Gosport,7550,991,276,437,664,3248,166,70,71,165,202,0,3,31,0,28556,108270428,23858184,-275.47100944,11990.31317064,0.76380589871236,105.601573044501
140,203.825714,27973.421423,Gravesham,22130,2255,715,1019,1574,7152,383,161,152,392,431,4,41,62,6,75072,308431136,91998560,216.91673056,27959.69579872,6.96063237939827,371.217661761244
141,444.688349,13730.912549,Great Yarmouth,9850,1071,358,488,754,3526,194,67,69,192,228,1,12,18,2,45414,168804360,82445202,430.51844556,13750.62804765,6.03925802530059,413.827951239336
142,55.937617,56412.349533,Greenwich,34330,4624,1350,1913,3138,14903,838,258,304,792,939,3,8,141,5,333184,594588768,192765576,54.918368,56404.49877904,6.70856733886807,600.884104261777
143,-663.582257,58684.833126,Guildford,49340,4751,1628,2187,3288,15266,790,355,350,795,885,10,96,148,6,259915,572967160,173445745,-644.1426271,58685.43874205,39.964105393965,1678.00375704477
144,-1747.107217,22612.899114,Gwynedd,21410,1767,665,745,1181,5965,278,149,80,347,329,3,17,71,7,158417,118692336,143030909,-1629.2568873,22587.55625567,145.320704900356,2884.66424228357
145,-112.253668,84175.483677,Hackney,49220,6575,1859,2835,4668,22349,1349,284,525,1108,1447,2,23,156,5,498065,872936480,303390171,-98.71485,84189.1846866,4.03353410108447,490.076839277336
146,-1463.650535,28650.174726,Halton,20690,2236,765,963,1534,7213,355,182,136,401,440,5,8,81,3,3222,190230102,205212402,-1443.74059389,28640.48685852,5.73544593345315,511.700304553404
147,-694.070786,27742.435416,Hambleton,27610,2040,776,946,1392,6759,339,172,117,394,420,8,12,58,13,95557,226377599,250669006,-684.99037978,27751.75573604,92.497647205855,1838.75410577351
148,-253.532998,58556.216309,Hammersmith and Fulham,34680,4624,1339,2019,3247,15652,909,228,352,785,967,3,18,142,7,347922,595635642,202383726,-247.13832,58541.13916698,2.41167495739248,302.215256843214
149,-486.579266,23419.862465,Harborough,23960,1798,639,842,1257,6017,274,172,114,332,335,8,26,69,8,71360,211648854,131068250,-402.42133554,23431.79577574,35.0353731109997,949.903751155018
150,-159.54463,83985.029958,Haringey,49050,6638,1934,2833,4643,22605,1353,275,482,1146,1418,2,35,167,6,499796,864894536,308260172,-173.65876,83984.79404524,6.25193838398373,569.884640711268
151,26.832274,12838.499195,Harlow,9310,1030,311,466,705,3446,192,56,60,188,214,0,7,27,0,26288,135228448,51978072,25.764224,12838.00271504,0.986001215884752,83.3524355877906
152,-1474.130974,52723.182488,Harrogate,47210,3990,1409,1840,2697,12935,651,325,243,733,839,3,22,100,12,183488,417213648,453500352,-1543.65132096,52779.22985552,175.448076298562,2978.14676831412
153,-301.583447,47000.55709,Harrow,27450,3698,1130,1623,2613,12473,700,211,268,643,767,0,39,100,5,280588,469489316,172849496,-306.12333911,47002.74376874,5.96387773697164,361.932566133896
154,-362.931314,21596.216286,Hart,18770,1791,543,791,1183,5617,287,134,131,290,352,1,8,56,4,51362,201231685,64935040,-371.83141,21589.70978258,11.6826397866306,381.886064584074
155,-340.278819,15146.156789,Hartlepool,9850,1168,438,504,783,3772,204,73,67,210,242,0,1,29,5,277,123862489,147218852,-351.85372385,15145.29601807,3.61236231608622,243.599673573046
156,179.034451,16124.701193,Hastings,9760,1315,413,586,889,4257,234,83,87,230,265,0,11,39,2,30115,184366883,35106165,183.67898349,16125.0544332,1.20322905600428,130.506203247676
157,-507.340261,25786.067816,Havant,18170,2128,624,952,1440,6936,381,126,127,380,433,1,8,59,6,62361,238379739,55041441,-509.02797465,25792.25568933,3.58327652296216,549.987963205785
158,226.656483,55331.156346,Havering,37600,4395,1403,1990,3071,14495,836,237,287,786,925,3,29,104,12,331557,595549336,201202522,252.549864,55329.44818328,15.6269529144866,787.81958258619
159,-2490.432499,48061.772467,"Herefordshire, County of",43890,3781,1317,1634,2596,12153,585,338,242,681,769,8,9,121,16,17537,322527582,224135782,-2528.38315769,48071.26063545,264.058009278963,3751.59267667358
160,-179.999655,33692.383703,Hertsmere,32990,2648,984,1348,1861,8695,436,216,185,467,524,8,22,96,2,84760,338892648,129977504,-175.38148652,33695.4696338,8.56993261758054,467.486063278121
161,-889.773134,24815.154435,High Peak,19440,1899,656,826,1291,6224,274,191,127,338,342,4,38,68,13,35805,190870410,180261900,-857.45067675,24824.3452827,33.9380454177417,865.201112813345
162,-3753.827185,49428.068603,Highland,45080,3497,1241,1346,2334,11698,440,419,209,650,567,4,58,193,37,297214,207041334,737284854,-4003.72180167,49466.965851,3373.13027374905,53940.1267163237
163,-688.180198,81211.052577,Hillingdon,54410,6533,2025,2944,4540,21622,1237,339,462,1114,1349,2,42,174,9,488560,800869616,288597120,-696.30832,81221.72686272,23.6416470178601,1130.72185050185
164,-653.607802,25406.387882,Hinckley and Bosworth,22000,2005,631,890,1383,6425,299,184,124,359,363,5,40,73,2,77763,212296854,145566057,-684.67663551,25410.03516618,19.0691731111519,650.616616027429
165,-203.890764,29485.224864,Horsham,27560,2303,768,1064,1606,7721,382,196,137,441,469,3,17,83,6,141610,296904728,71578942,-220.35094,29479.56547832,39.2583426050485,1386.8574928555
166,-677.264104,97749.225866,Hounslow,61660,7749,2382,3583,5465,26055,1498,401,516,1383,1630,9,37,216,7,590589,973700856,332258535,-718.65754101,97727.15276595,13.7543700338878,1367.80301689595
167,-158.405196,42928.492637,Huntingdonshire,41500,3353,1101,1445,2313,10244,554,266,209,611,653,11,70,75,11,52480,427228200,224902220,-184.2293918,42929.5981618,98.7794739978133,2151.99603599215
168,-1053.211672,23707.686574,Hyndburn,16110,1779,625,788,1246,6107,259,182,97,344,322,2,14,93,10,65709,165113487,189176211,-1053.83127969,23706.60819597,4.38893026836163,223.019212908643
169,-1286.646255,15159.104895,Inverclyde,9700,1159,353,464,777,3645,129,142,66,205,185,1,10,70,5,94037,61766862,181813629,-1288.29877271,15148.99448686,6.30111387168862,273.3559759768
170,522.128291,23424.678648,Ipswich,14080,1858,551,846,1294,6244,335,115,111,339,380,2,23,38,7,99000,277629300,110101500,523.470159,23426.0633475,2.32985865086325,236.011659894975
171,-952.909153,11613.878437,Isle of Anglesey,10210,918,321,378,596,2839,143,75,61,157,179,1,7,30,1,80660,53458396,82479428,-942.39434294,11614.91998228,20.9881328150315,889.759751781518
172,-740.434324,29952.679814,Isle of Wight,24490,2379,829,1025,1651,7712,425,166,128,463,521,0,9,59,2,27186,264286926,50796450,-788.16939045,29946.73769718,28.5961838339013,1294.17817798236
173,-25.225094,199.670674,Isles of Scilly,210,23,4,6,12,39,2,2,1,3,2,0,1,1,0,208,365308,45788,-25.2086792,199.69328308,0.008195739516564,4.8361105820703
174,-120.80588,56544.794079,Islington,32530,4548,1249,1912,3151,15607,897,200,351,746,937,2,35,119,4,342264,582680326,202557759,-120.58224,56545.39026554,2.10968775134911,257.881163216367
175,-182.079393,50158.560969,Kensington and Chelsea,29230,4054,1104,1686,2782,13544,803,171,279,695,869,0,12,88,5,304862,512087318,174397622,-184.82624,50157.53342686,1.53099921725248,235.145660492779
176,-284.600479,20020.045399,Kettering,16030,1573,525,729,1051,5041,254,128,87,295,327,4,3,46,2,69524,184836812,108049464,-293.27286,20031.02153912,11.7910177034615,444.251020504759
177,289.24547,35486.136543,King's Lynn and West Norfolk,31230,2730,1004,1278,1895,9194,436,237,187,486,555,8,24,74,12,117775,384431060,212536765,358.88264746,35475.73431407,128.742848770151,3366.08891382602
178,-444.129372,69293.363105,"Kingston upon Hull, City of",39420,5376,1611,2377,3665,17489,949,340,318,971,1145,3,5,127,9,12890,659831366,556481924,-391.59818711,69309.26014785,12.5544498894153,1008.21492274219
179,-232.759757,41732.750055,Kingston upon Thames,25510,3276,974,1492,2324,11106,666,146,210,602,698,1,30,82,1,254968,421840496,135919868,-230.34004812,41731.08318708,3.90976729826483,328.610049413757
180,-3252.214799,101326.926999,Kirklees,63210,7773,2725,3492,5361,25728,1287,601,575,1313,1607,9,19,237,16,547520,782738368,785829024,-3362.2448944,101276.71936096,104.815856131934,2899.91660565705
181,-1904.291616,35691.739025,Knowsley,25210,2755,1001,1274,1892,9275,450,218,157,511,533,4,22,100,9,179024,230301016,263043704,-1892.4238932,35696.50482196,7.81863419675562,540.758581872289
182,-200.577953,89435.577689,Lambeth,52170,7218,2008,3051,4974,23184,1412,326,507,1231,1531,2,27,175,3,547470,923083084,305237988,-197.8713,89445.16251616,6.02428262533341,648.747339836936
183,-2059.523373,39955.167323,Lancaster,29680,2969,1093,1338,2050,10043,514,225,189,550,623,1,16,94,5,110850,263746144,343626132,-1965.96171478,39964.38839739,58.4715755507318,2745.60226871002
184,-6327.637025,219407.947901,Leeds,146270,16938,5743,7506,11610,55706,3018,1060,1125,2953,3574,3,62,408,31,1186698,1763849184,1779573952,-6147.01399844,219489.09709956,307.239429731053,8049.33245128345
185,-2034.626602,94848.937961,Leicester,55400,7473,2345,3379,5238,25173,1287,515,469,1333,1412,2,138,235,15,28832,827020692,548878388,-2036.98069188,94849.93050696,17.5634185103818,1095.17110030096
186,2.897477,22989.78282,Lewes,19590,1882,631,840,1256,6090,319,133,109,343,377,0,21,51,3,43392,244746248,47769620,3.467292,22976.70057872,16.8670142359791,853.286812848819
187,-26.45852,55161.571378,Lewisham,32160,4501,1271,1908,3077,14356,866,206,279,793,931,4,21,109,7,338752,576617008,185824768,-18.57776,55146.15667376,4.87851199263466,508.620209232502
188,-973.127502,27970.029647,Lichfield,24570,2158,733,1016,1550,7104,344,187,130,401,439,7,12,68,5,112572,221046273,165123477,-934.82015814,27981.65656863,23.393097004501,813.187322337443
189,-262.817519,25440.51984,Lincoln,15880,2042,606,882,1391,6617,350,128,123,355,396,6,23,51,2,79826,237253866,176905888,-266.95344956,25438.78313524,2.29383591078034,196.743945701827
190,0,0,Lisburn and Castlereagh,0,0,0,0,0,0,0,0,0,0,0,0,0,0,0,333,138712,518920,-6.03544998,54.49752045,0.070724613152035,2.03826256310761
191,-7737.207086,140791.706127,Liverpool,81830,10883,3987,4831,7494,36322,1892,744,706,1930,2143,8,113,357,15,709084,894555596,1029497708,-7680.35509272,140784.27481964,39.8477751406998,1961.0788058959
192,-395.405011,47272.068954,Luton,30890,3725,1193,1735,2632,12616,653,258,259,652,772,7,30,96,6,29152,463340066,202751249,-385.52609,47272.72079603,5.15936521625246,381.406629809819
193,488.95868,45978.134274,Maidstone,38930,3741,1203,1671,2584,11915,616,281,236,661,718,10,43,116,10,124683,520698633,136047990,523.90274391,45958.38751335,45.4033268802914,1291.00065508047
194,182.579615,13237.976448,Maldon,12250,1071,342,441,707,3250,162,94,63,193,205,0,11,36,4,27392,151413760,54322944,198.107392,13254.58203136,11.9347001331423,829.131587638129
195,-904.745313,20444.909795,Malvern Hills,17440,1606,561,718,1116,5250,255,137,107,285,337,2,1,43,9,97608,147966280,98861224,-913.70885648,20449.6912228,29.745171386116,1041.87908051245
196,-6857.730124,164344.21239,Manchester,95970,12652,4272,5638,8811,42706,2055,1019,979,2095,2354,10,164,524,22,799240,1182232734,1220571662,-6866.05532186,164367.05346304,48.0945363261738,3120.48289353824
197,-556.231013,24982.170872,Mansfield,15950,1936,621,837,1340,6433,323,147,122,348,379,2,19,63,7,92590,213872090,170909390,-553.6788141,24988.5042551,4.84511801982147,291.109610069643
198,583.663347,56312.313164,Medway,38300,4550,1404,2001,3174,15053,793,303,299,797,925,4,19,137,11,38360,633714872,192014816,617.237608,56386.68811048,27.3968568684525,2381.79716383439
199,-203.140745,12086.861445,Melton,10470,989,313,385,646,3077,127,102,56,173,165,4,19,40,1,37098,109308112,74075088,-195.65759542,12091.95371228,14.6939716322841,369.289763976259
200,-1187.713449,24015.46801,Mendip,21410,1887,669,870,1312,6406,310,159,124,345,376,6,27,59,1,96145,169889622,67578210,-1192.09481531,24010.34214453,44.6297378258392,1091.48372493712
201,-726.25448,11174.410073,Merthyr Tydfil,9110,925,348,403,609,3031,140,76,65,151,155,6,10,43,2,84456,66077856,44587584,-726.67798704,11177.69348088,3.14750831440284,157.739937205876
202,-203.16055,56965.659166,Merton,33500,4640,1343,2015,3182,15350,894,214,319,789,963,3,27,111,4,351236,582884452,187813756,-209.04634892,56962.90960992,5.38791046422794,423.268574505136
203,-1180.497363,17142.659926,Mid Devon,17030,1351,453,609,957,4295,187,150,68,269,266,5,9,55,2,27634,97077568,36703007,-1210.54441641,17142.79240403,39.3052644287455,963.536741299365
204,443.28033,21926.536495,Mid Suffolk,20730,1746,578,751,1182,5497,258,162,124,296,346,6,11,48,9,92820,256891320,110181960,460.7202726,21931.8077076,48.1202299836808,956.246851120117
205,-89.27401,35667.428034,Mid Sussex,32950,2836,976,1274,1947,9306,424,275,193,506,543,6,29,112,9,171954,372604746,91305477,-71.80128,35690.61031665,29.9181581527653,1036.095733022
206,0,0,Mid Ulster,0,0,0,0,0,0,0,0,0,0,0,0,0,0,0,335,83920,528564,-6.8888998,54.55273056,0.271770013019663,3.77449663164722
207,0,0,Mid and East Antrim,0,0,0,0,0,0,0,0,0,0,0,0,0,0,0,334,133943,560151,-6.14645004,54.86462021,0.148382460084719,2.7998297377987
208,-664.420108,29460.542529,Middlesbrough,18820,2245,734,965,1535,7386,411,129,150,390,479,1,1,53,6,1080,243616140,279118980,-653.934573,29454.121854,4.04118116288586,289.312431082325
209,-1078.203097,19387.917581,Midlothian,14750,1526,482,584,978,4662,199,148,98,249,269,4,20,45,9,120756,114540536,228748299,-1081.7308253,19369.92509019,17.6805673528661,553.729114913941
210,-1003.164671,69839.543422,Milton Keynes,70680,5558,1982,2602,3834,18265,956,386,366,976,1147,12,36,138,9,56364,652759536,325177336,-994.01941342,69881.17499836,54.3350414924831,1623.30609246317
211,-201.313061,32288.599922,Mole Valley,28350,2452,870,1143,1779,8303,423,207,179,451,482,7,46,88,7,143640,326577510,93840390,-192.7989063,32273.3183661,20.9414323323374,746.705912171843
212,-767.621584,13916.871104,Monmouthshire,13250,1056,364,480,746,3608,193,76,55,214,229,2,13,23,2,104372,90871428,56283139,-780.85322152,13928.35482368,29.796817499968,696.748856513873
213,-794.704714,13994.716159,Moray,11790,990,315,405,663,3339,127,116,63,180,190,1,7,33,12,84807,79709832,204993099,-778.05440028,13966.86957579,81.4320851766253,1375.04298568022
214,-335.468006,2898.713901,Na h-Eileanan Siar,2640,208,75,67,135,586,22,28,18,32,27,2,2,17,2,17150,6323650,46643100,-332.8609945,2909.9689485,23.434734650034,2305.74160186803
215,-2241.566497,30521.838698,Neath Port Talbot,24390,2474,874,1136,1703,8114,417,174,151,440,420,1,73,93,4,224580,165043251,115488492,-2214.11063319,30521.89993143,33.982221328121,1176.5681303382
216,-1350.818401,43168.586927,New Forest,36360,3523,1092,1529,2363,11656,584,265,226,623,703,1,19,123,3,105276,364220151,90436329,-1349.36664,43177.99327803,81.6779274215536,2569.7436228657
217,-655.620152,37759.426715,Newark and Sherwood,33540,2960,1028,1291,1955,9607,437,274,188,523,567,11,22,108,3,140778,334613664,254147661,-672.91175133,37760.92564977,62.2004655478223,1589.38663856495
218,-1289.112508,43396.491537,Newcastle upon Tyne,29240,3279,1029,1485,2289,10634,518,271,202,587,652,3,15,110,9,218553,333184443,449463318,-1304.19329844,43411.57795515,12.57527802349,644.696190565949
219,-1205.116652,28211.915468,Newcastle-under-Lyme,22140,2274,761,1033,1565,7372,332,200,141,391,407,3,26,91,5,113316,201201868,183632568,-1237.59687744,28197.83459668,15.0300861828551,653.275097629846
220,47.013405,69674.120339,Newham,42470,5563,1638,2378,3899,19461,1124,228,411,941,1179,3,32,134,4,429936,731054792,247858104,37.002888,69670.34282832,6.34058571210823,543.967637080871
221,-1611.843716,27753.058748,Newport,22360,2202,752,1048,1539,7518,397,141,134,404,423,1,31,79,4,209282,181788586,100838954,-1558.95725228,27751.28878946,13.2975629009708,965.146455856937
222,0,0,"Newry, Mourne and Down",0,0,0,0,0,0,0,0,0,0,0,0,0,0,0,336,133006,480432,-6.0889101,54.1495285,0.231586718869262,4.40322971316386
223,-1800.26455,21207.48846,North Ayrshire,16380,1585,484,628,1076,5093,200,181,100,281,278,1,15,85,2,133350,87242904,248274840,-1800.1450281,21232.32173517,48.1297235175121,1557.78741334987
224,-1443.600218,18440.481014,North Devon,18050,1402,544,627,1021,4740,195,166,74,287,286,8,9,54,4,29963,95704710,47841164,-1417.61448112,18438.48289751,50.29014455703,1241.58493863144
225,-612.587828,14058.037666,North Dorset,13010,1159,390,492,769,3844,187,89,59,217,229,7,3,36,1,24840,105375144,31300332,-623.86212552,14053.87001088,21.5086635655819,507.646870198164
226,-912.542765,34392.45266,North East Derbyshire,28210,2644,929,1182,1835,8704,418,228,165,481,491,3,53,89,10,50388,282540374,234468930,-931.87440584,34342.92965726,23.976014010597,1225.27143035066
227,-77.106519,39901.515088,North East Lincolnshire,26340,3145,1078,1391,2110,10056,525,220,195,550,661,5,3,67,9,8940,389973230,301407630,-103.75614255,39874.90410145,19.3855281628293,774.629235408293
228,-143.917842,32208.621924,North Hertfordshire,28460,2585,883,1198,1764,8454,397,223,166,454,508,4,33,72,3,81220,323759040,142758720,-138.3468,32213.5746018,30.4393112167924,1206.94405704033
229,-302.288633,33082.477054,North Kesteven,31230,2612,890,1085,1766,8163,385,238,161,462,504,9,35,70,5,104664,312830105,221032924,-296.98410623,33069.20238041,77.0969946496147,1355.06218223249
230,-4466.786902,62656.552916,North Lanarkshire,43735,4612,1540,1968,3208,15721,607,515,319,803,837,1,26,240,18,411774,311898048,746812176,-4433.47084488,62684.05439274,76.0597164914736,2378.51969681889
231,-554.171283,48654.035015,North Lincolnshire,40170,3753,1323,1615,2551,11930,600,308,240,668,784,11,6,94,13,11804,452000584,373184368,-475.88280908,48656.49539236,104.326385158859,2677.26403160297
232,400.54398,17227.880903,North Norfolk,15230,1324,472,597,901,4428,200,126,73,253,266,5,22,28,5,57376,199213058,107855470,369.09557,17223.81175188,41.899195986257,1396.40265232257
233,-2425.115727,43780.621052,North Somerset,34480,3614,1165,1586,2443,11298,613,239,213,639,697,6,36,112,1,20448,296166276,142044588,-2346.74028,43790.30520768,41.2417162702138,1508.88078070346
234,-1263.607633,46221.20379,North Tyneside,32150,3523,1134,1564,2428,11344,584,256,214,626,716,4,14,99,7,233520,362435640,479305680,-1267.7532168,46224.3273912,9.71737109932344,672.13450791925
235,-954.642764,30733.323318,North Warwickshire,32240,2357,845,1129,1639,7937,381,204,178,407,465,7,23,85,5,138060,248958450,173393415,-950.15699415,30750.43046985,22.0456267832449,791.664835602157
236,-685.466549,26169.610164,North West Leicestershire,24860,1988,693,988,1400,6383,312,184,127,369,372,5,31,83,5,80848,217799056,156860992,-705.3566648,26160.28015376,18.4522038091048,687.644044908158
237,-679.402902,40175.225582,Northampton,28040,3104,975,1473,2162,10591,569,200,256,513,657,6,10,91,5,140727,366424655,200354491,-677.65051307,40170.83052669,8.17285318773308,423.943367448485
238,-2911.845805,90314.270306,Northumberland,77420,6685,2370,2885,4629,21977,981,656,387,1250,1353,16,43,201,24,91672,647143751,983344263,-3397.11891733,90526.70447862,1162.70588233023,11723.4121459158
239,939.842964,38529.628458,Norwich,22690,3024,896,1321,2082,9798,530,202,210,522,613,1,39,77,2,129564,455563860,226753836,940.60462068,38532.57449388,3.78831660524746,457.027733895366
240,-1836.26911,83150.433692,Nottingham,49290,6550,2005,2893,4454,21957,1169,401,438,1132,1326,3,52,178,11,28260,716048740,533751330,-1831.6718372,83138.077201,15.6728333960671,1098.85757430662
241,-726.091522,25778.804405,Nuneaton and Bedworth,18430,2158,626,900,1397,6680,358,133,154,337,407,1,29,52,2,116367,213790729,142071832,-726.50815982,25777.96076422,5.1351002565731,285.050268276605
242,-185.793493,8888.023273,Oadby and Wigston,5400,725,194,314,493,2308,116,53,43,126,136,0,10,23,0,27716,78000767,50595051,-184.71700845,8887.49856917,0.527313837796343,60.7052321908788
243,-2191.300718,55470.096609,Oldham,33480,4196,1518,1873,2953,14582,664,372,280,756,798,3,54,175,6,270396,410880708,421428224,-2126.6387436,55485.75463592,20.006303316419,891.094416293947
244,-102.982255,2005.17195,Orkney Islands,1610,131,50,53,93,436,21,13,8,26,27,0,1,4,2,11934,11841894,34223856,-98.60952,2004.0735702,5.39198896288928,503.455431219766
245,-903.439457,37832.039773,Oxford,21670,3076,876,1391,2095,9749,588,143,190,541,646,0,18,65,2,146931,330614487,150855008,-909.40057193,37831.86007936,4.34348672379271,297.777073332987
246,-2607.364059,27711.363549,Pembrokeshire,25890,2211,850,1012,1479,7115,308,227,134,401,385,2,33,111,4,201695,106904235,118444185,-2625.8764284,27742.49006135,112.935353568263,4252.77902782314
247,-947.796396,23210.129003,Pendle,15600,1765,605,777,1217,5876,266,165,95,336,345,2,10,68,6,65081,167071547,191091608,-943.70464845,23225.02123327,9.97658700357712,415.173258443111
248,-2093.164633,33349.344665,Perth and Kinross,32130,2493,770,1008,1592,7858,332,259,121,470,443,2,11,113,22,208032,168023664,439813926,-2295.91677636,33435.99679188,464.988103224596,4754.59558231538
249,-339.71311,69092.431556,Peterborough,56660,5487,1805,2468,3761,17942,939,375,399,915,939,4,228,136,7,40734,679826808,395220978,-353.12436,69106.0722228,59.8855854207359,1819.23592509698
250,-5002.173753,60971.165469,Plymouth,43060,5066,1542,2222,3526,16788,784,426,232,978,953,2,42,208,5,31460,302432240,70488550,-4976.717779,60989.9792876,12.2153208128417,1274.02565579129
251,-1556.956161,40436.925835,Poole,26590,3280,1024,1541,2294,10801,612,185,197,600,695,1,6,93,2,23113,321504221,74492402,-1556.75615812,40440.40156436,6.5768585462598,670.55769671426
252,-1013.625851,47869.077302,Portsmouth,30970,3943,1119,1749,2677,12842,733,209,240,702,808,1,12,119,2,41448,438601794,95478294,-1008.15666942,47861.1814515,4.85460769602566,657.357170952114
253,-2556.125183,39861.912828,Powys,39760,3110,1131,1389,2050,10337,448,314,184,578,550,10,40,156,6,297180,230373936,208219548,-2617.72139142,39889.655298,522.112128890648,5410.10680953081
254,-3148.653317,62702.778324,Preston,39700,4897,1632,2172,3326,15973,798,368,312,854,970,4,27,160,5,177232,411388120,508876214,-3169.38613838,62756.44147102,22.6464537485357,1121.06189628377
255,-478.592608,11510.040478,Purbeck,10900,885,343,429,612,2985,159,68,53,174,192,4,0,31,0,20657,88798541,20048867,-482.64284411,11507.64023626,11.683979344938,563.976522943602
256,-515.390085,27063.758946,Reading,16390,2059,673,949,1522,7229,385,141,158,368,449,3,13,59,2,19988,247338876,91079004,-521.11347052,27064.28756794,2.74841084460132,238.658481314163
257,71.056993,56015.41454,Redbridge,35620,4430,1431,2068,3116,15128,888,198,318,768,948,1,21,111,5,346434,590254032,205773108,76.11231,56022.27840792,7.94659953506405,597.377396097027
258,-448.501549,22866.45679,Redcar and Cleveland,16410,1772,607,740,1162,5888,314,105,107,312,360,4,1,46,8,1257,194566421,217711143,-421.56006905,22863.79093866,14.2519715696415,530.8089194717
259,-395.459363,10720.75498,Redditch,7980,902,272,373,593,2775,143,62,45,160,177,1,1,26,0,51250,82759525,54376865,-399.1555082,10718.50942515,1.46603462752557,98.4055345370319
260,-166.303564,46588.865616,Reigate and Banstead,35060,3699,1247,1735,2619,12080,608,301,268,641,705,7,76,106,15,208161,477939474,138689766,-180.62738091,46593.941049,15.1173581612597,814.797066750427
261,-2823.60323,35409.095536,Renfrewshire,24120,2603,797,1082,1794,8630,360,274,172,462,457,3,18,149,7,229508,151719370,421418532,-2896.32744588,35408.02594858,23.7705164151591,1053.86622824534
262,-2881.701949,43724.681512,Rhondda Cynon Taf,32720,3555,1274,1553,2425,11840,588,259,258,589,670,3,28,143,3,325248,255994739,162958565,-2891.31068765,43723.70615382,46.6748224980294,1243.44138137483
263,-780.887608,17286.016738,Ribble Valley,14230,1285,440,564,882,4361,204,117,86,235,268,2,13,36,2,49113,119632527,143703996,-775.98536148,17309.76434271,25.6655751158945,588.157688105853
264,-249.299644,41776.810319,Richmond upon Thames,24490,3412,918,1480,2316,10957,661,151,219,593,709,2,17,84,0,259840,421432060,140190176,-234.78167188,41769.54837412,6.02424879734838,640.302275483061
265,-602.441734,18600.816457,Richmondshire,17800,1357,528,584,920,4702,215,127,84,258,278,4,6,49,5,64638,137155338,169558812,-679.04784342,18590.3022096,62.3733478342789,955.287582406805
266,-1937.833276,47918.547132,Rochdale,32410,3710,1322,1709,2588,12541,594,300,266,628,684,5,49,145,11,234228,348941610,368619444,-1920.16897788,47925.02492442,19.2116830577611,869.163782910669
267,188.500806,14650.978966,Rochford,10280,1130,373,530,801,3841,186,98,87,197,232,5,10,35,2,30672,166418604,54363280,194.10632916,14651.82438696,6.23709528860306,598.602604271545
268,-823.465848,19385.534034,Rossendale,13420,1425,532,697,1002,4821,195,166,83,278,282,2,20,55,2,55594,138200547,151964755,-816.39792971,19380.20562332,6.78205761375347,306.080005458616
269,270.438726,26572.870217,Rother,22460,2128,733,957,1415,6859,370,152,120,402,449,3,7,61,2,50634,302097060,62464086,283.479408,26595.21141936,34.171473157904,1078.7598501724
270,-1709.56113,69232.771065,Rotherham,53650,5460,1897,2433,3729,17743,889,407,354,942,1038,7,73,166,12,356400,580014432,504118080,-1667.31694704,69200.6077872,50.1946715017781,1645.78459504753
271,-732.127357,29233.262034,Rugby,25300,2300,783,1039,1559,7628,378,180,157,401,454,5,29,62,8,132804,249145884,154144152,-735.60022884,29229.31136952,26.0541076182736,747.547832354711
272,-350.451166,34125.466676,Runnymede,31360,2755,984,1383,1923,8577,473,191,202,462,522,2,59,79,2,152720,333179928,110874056,-357.59721328,34124.77319144,6.69614887066213,349.534290021638
273,-627.176925,30739.88775,Rushcliffe,27440,2382,845,1103,1627,7780,385,196,138,443,471,4,22,78,6,115619,271098086,194898193,-587.37357,30742.10398749,31.7715527203345,856.072360967069
274,-221.972109,15022.214541,Rushmoor,9900,1264,358,526,827,4021,215,78,70,223,246,1,10,35,1,36625,142404446,45105592,-225.04450414,15024.49755445,1.47458852019717,102.320913063572
275,-113.059739,9320.756694,Rutland,9280,738,256,325,481,2293,98,79,43,134,126,1,15,32,3,3009,87259584,54631935,-110.85509646,9322.17375264,9.26097495660646,259.062997741077
276,-286.079925,18313.556475,Ryedale,17790,1281,490,602,887,4586,223,115,83,255,284,5,5,34,10,64220,160749420,161864820,-284.85625324,18319.67117266,70.1636750942525,1024.82348936827
277,-2412.511127,55047.936204,Salford,41250,4212,1505,2091,2934,14022,675,354,292,737,782,2,83,152,10,270627,385418124,409673712,-2454.01068087,55030.16979726,13.5433664937112,811.972156210965
278,-2634.62887,68896.106573,Sandwell,44840,5420,1826,2435,3741,18221,876,436,380,932,1004,3,114,182,9,372608,524239776,381482368,-2634.11549376,68899.37890912,14.8773687459833,919.884621956038
279,-231.702349,26181.249481,Scarborough,20180,2047,663,871,1334,6656,316,166,108,374,395,8,21,45,13,92062,238974154,238853654,-254.39960964,26195.0076739,54.4286732915602,1419.72342018929
280,-1421.722935,28924.009188,Scottish Borders,26790,2094,723,855,1432,6826,259,261,106,414,365,7,30,98,20,183560,179863320,325590200,-1486.5031896,28873.4887688,351.176600095466,3272.22358041852
281,-1715.494925,29626.786617,Sedgemoor,26410,2343,825,1099,1634,7984,409,170,157,422,471,3,32,71,2,119274,195948654,83374263,-1668.97326105,29640.08042625,42.0305182536421,1640.44760227431
282,-3442.45845,61667.868841,Sefton,37890,4679,1674,2159,3311,15892,818,334,254,898,938,7,39,164,4,312192,385072128,459454464,-3446.82998784,61611.38085888,24.2123037012415,1565.96777482657
283,-476.967863,22270.352929,Selby,21260,1694,605,771,1147,5615,285,129,90,324,353,5,8,44,4,79488,189426114,176641380,-467.43914484,22245.57325836,33.8437638680035,1340.55424386042
284,121.41071,37097.996783,Sevenoaks,37320,2873,1008,1344,2069,9298,464,259,189,534,561,7,44,102,9,101220,399657048,112222614,136.600728,37072.28117685,34.4949440295072,1094.66827367155
285,-3479.690006,127065.878468,Sheffield,77880,9965,3273,4155,6793,32703,1669,711,616,1764,1920,7,126,309,18,656880,1024616180,927571680,-3671.245081,127100.5197098,118.366336201427,3827.35393764739
286,503.717455,23799.68044,Shepway,20640,1849,645,835,1332,6349,318,148,105,361,342,5,51,63,5,65706,284408188,62722202,466.37091736,23799.62244988,21.3094305672166,798.142005631581
287,-73.978067,3671.841437,Shetland Islands,3180,255,82,90,175,760,29,32,19,42,31,2,2,23,3,21594,26505476,71998727,-83.77984183,3690.80204028,14.5873109332517,1696.92266109217
288,-3614.354395,70352.530695,Shropshire,64950,5445,1894,2407,3705,17788,881,454,334,1001,1114,8,18,176,19,66750,467553045,404451600,-3653.4544767,70250.5300665,566.955229227156,9039.91274030479
289,-484.857412,42648.639775,Slough,33570,3296,1152,1663,2401,11396,631,197,227,601,713,2,13,95,5,32292,413105760,148415688,-477.06878484,42644.89956492,3.48964929451451,434.301005569179
290,-1202.507592,35703.651278,Solihull,25110,2773,1005,1304,1941,9372,474,207,168,513,534,1,62,77,7,194085,285634554,191689923,-1168.30997319,35705.51083656,16.0464774680855,800.762156381397
291,-1627.342802,19397.784562,South Ayrshire,16320,1470,477,588,982,4717,176,174,83,267,246,1,7,90,6,124250,79290400,208694500,-1655.1535385,19330.5238735,60.5400931977996,1354.35582390122
292,-320.131529,28458.158845,South Bucks,28840,2284,795,1104,1566,7290,376,176,172,380,455,1,22,71,3,32568,275005296,102371160,-322.83168,28460.81121672,10.1115734751442,538.598802818219
293,85.151686,49104.195948,South Cambridgeshire,49320,3928,1315,1805,2600,12288,619,322,237,704,746,6,77,102,10,61165,511240595,232978426,85.646997,49033.6762733,111.490028216514,2873.25629225854
294,-803.065984,27202.142907,South Derbyshire,22320,2057,705,994,1450,6938,336,179,137,378,407,1,28,77,2,40685,222188510,167562975,-790.4941,27204.83413475,23.2313620845846,1017.8409596932
295,-2809.512327,57999.872173,South Gloucestershire,46560,4673,1508,2250,3250,15155,802,324,291,835,892,11,70,149,4,28150,413871434,206278696,-2780.34162992,58041.59655222,72.5437571787155,1864.60241354635
296,-1915.618795,25090.365661,South Hams,23580,2003,685,894,1422,6759,303,195,103,395,395,3,23,76,1,41832,134797146,26908434,-1902.33016482,25085.21692692,55.814224489495,2537.87573787775
297,-35.485948,26128.958543,South Holland,23350,2045,703,874,1384,6411,310,185,133,362,394,17,23,52,9,83655,263789955,159849360,-15.1371,26129.8513971,49.5174561268296,1143.8231893356
298,-363.011063,34873.30741,South Kesteven,31400,2737,914,1155,1861,8786,418,242,194,466,514,14,33,80,19,112200,330927960,217130760,-327.1289934,34880.241165,83.0303045192326,1629.10687142636
299,-1802.328959,34202.368322,South Lakeland,30880,2561,885,1137,1757,8584,378,252,145,485,473,4,23,125,5,44730,220036950,308419020,-1752.0804063,34208.4131235,135.137771356698,2882.49713912614
300,-3717.839083,51614.977627,South Lanarkshire,39490,3793,1242,1533,2591,12444,479,447,246,680,657,3,35,214,17,329656,263571084,589001746,-3549.09875704,51489.79508558,234.234239767969,3276.83279024821
301,743.396422,31414.52648,South Norfolk,29710,2511,854,1134,1636,7849,356,242,136,462,468,9,40,68,13,106444,376136618,176902154,821.20229204,31402.28383734,71.8146077601539,1837.51614234027
302,-411.217276,20901.467431,South Northamptonshire,22190,1589,598,770,1070,5251,267,134,118,283,328,9,8,44,12,73784,185663000,99077877,-433.59729401,20899.49392672,33.3855304290972,1059.8063380253
303,-716.852281,34339.198265,South Oxfordshire,32160,2763,914,1194,1841,8662,403,262,188,477,522,11,36,92,4,134330,308486850,127656060,-717.18254335,34329.21455495,58.6042242878579,1594.47381199941
304,-1644.401172,32825.485211,South Ribble,25620,2548,895,1157,1718,8191,406,205,140,471,502,3,17,85,4,94705,215081776,260188240,-1667.25400556,32827.04389562,9.40454114973403,713.707802131521
305,-1981.452417,37254.510197,South Somerset,33710,2978,1016,1332,2080,9751,485,246,185,546,603,7,34,85,2,151317,252657723,88303338,-2029.1683531,37269.29648532,89.8067400638674,2026.05847444673
306,-1511.165915,37207.672654,South Staffordshire,35650,2944,1065,1414,2054,9579,460,247,179,528,586,6,26,80,9,151298,275464875,219903159,-1523.5495793,37256.72137243,38.2445417321996,1524.09002250989
307,-783.462222,29739.525973,South Tyneside,18880,2211,710,988,1550,7406,365,176,116,425,461,0,17,55,8,150939,235607123,305154837,-782.80534377,29738.70462015,4.89065264247806,336.760684482746
308,-1342.509889,48829.511283,Southampton,30220,4087,1148,1761,2708,13404,714,245,254,705,811,2,20,126,0,43155,424120627,108950072,-1342.83971164,48832.64407476,6.12384469359608,639.323302359973
309,434.351923,32476.500102,Southend-on-Sea,20100,2582,781,1208,1793,8570,454,176,146,484,539,0,27,62,2,20790,370298880,117704790,445.3507926,32475.9587859,3.4077624644322,342.192520558749
310,-134.206783,88858.930214,Southwark,51780,7125,1957,2977,4952,23224,1388,338,489,1237,1514,1,20,186,5,554046,921589070,303539538,-126.15334,88830.12437948,6.44245110546201,654.96189331772
311,-294.325396,32554.782908,Spelthorne,23020,2604,889,1205,1812,8540,466,167,196,437,489,1,62,76,5,146223,320938596,107370726,-292.78782,32546.02397643,4.18739491915698,326.766867890811
312,-317.627838,46220.503089,St Albans,44490,3587,1280,1792,2523,11808,597,296,244,649,751,7,32,100,3,226822,459519940,187193339,-304.2451,46233.78869601,18.7592049208955,755.830688663109
313,321.839837,25172.3227,St Edmundsbury,21810,1942,676,874,1350,6273,288,194,116,366,379,3,20,72,8,107004,280847904,128176814,325.481586,25189.88918416,41.6503659360409,1149.86795741871
314,-2100.782718,41209.712533,St. Helens,26930,3151,1142,1402,2168,10444,505,266,176,595,601,5,33,123,9,208170,272480652,305309832,-2084.09007687,41216.59460136,14.2370348032749,701.111472585167
315,-1711.610161,42328.949177,Stafford,37630,3384,1101,1532,2325,10824,490,311,231,570,630,7,27,119,18,172215,311589801,262596636,-1733.9648301,42331.18348746,63.9557862999686,1475.98428046226
316,-992.165514,25838.072042,Staffordshire Moorlands,21370,1988,686,882,1403,6478,279,208,137,350,395,3,6,70,13,105192,195064441,171639741,-970.75658974,25844.72015759,37.6294675435648,859.992643566186
317,-42.623587,11626.38075,Stevenage,7940,951,311,413,645,2974,154,70,49,175,181,2,13,23,5,57568,117515328,50294944,-42.53088,11626.80773856,0.75911078359424,73.6409949456164
318,-1777.426359,24366.762269,Stirling,21200,1703,573,751,1176,5973,244,190,103,331,324,1,26,78,5,154938,111095320,307605746,-1877.4623651,24412.29636286,141.702972881776,1863.73686377669
319,-2282.297506,56499.360928,Stockport,34990,4294,1414,1992,3035,14594,712,346,280,778,839,2,45,161,11,279312,414530748,410783312,-2247.90089174,56487.84628548,18.0256669577156,915.689071694047
320,-809.363047,33450.623292,Stockton-on-Tees,23800,2500,857,1135,1716,8458,437,176,157,456,538,2,2,60,11,2452,272746381,317646179,-801.00095774,33443.38673111,17.4578112114022,873.03144600696
321,-3167.02309,77247.480293,Stoke-on-Trent,47780,6109,1946,2775,4260,20212,954,503,403,1054,1150,9,51,222,25,30597,567411166,505071964,-3145.48816,77245.87211189,18.2381370705904,1053.30694905923
322,-1150.200978,35919.939714,Stratford-on-Avon,34660,2873,939,1169,1893,8917,429,259,192,496,573,7,24,75,9,164432,292413072,173056768,-1125.32722752,35887.14020112,88.455637379515,2071.85935419347
323,-912.911732,20797.251598,Stroud,17290,1673,531,732,1131,5523,263,139,107,295,327,3,10,60,2,46230,152280012,81368820,-927.89635176,20791.4435577,24.1095321729046,812.00298358405
324,861.855268,33500.124635,Suffolk Coastal,27850,2674,862,1181,1832,8627,419,224,145,498,524,8,26,74,11,143389,407177821,166387181,906.72126742,33550.34452282,75.2638859048028,2862.24102218581
325,-1851.315322,70593.684243,Sunderland,49040,5215,1759,2329,3653,17327,861,425,316,970,1077,1,22,172,14,360080,561300420,709261150,-1843.40380142,70546.35999732,24.7445016125686,1565.73364900832
326,-444.844205,32392.446649,Surrey Heath,27940,2622,936,1256,1823,8336,432,199,180,451,504,1,53,71,2,146392,310049422,101264773,-435.30165369,32393.08006543,7.74312220887077,399.969037376315
327,-156.156875,43507.688187,Sutton,25580,3507,1058,1563,2420,11554,658,189,226,621,727,0,14,98,8,272734,446670532,138603080,-145.91269,43499.8526424,4.79317182456643,386.81445307165
328,545.479426,36049.200067,Swale,31350,2928,941,1337,2002,9588,473,229,175,527,553,5,34,106,4,99684,416820222,113707152,547.23005298,36029.35787022,33.8923706059676,2033.5987888837
329,-4151.099397,54017.801308,Swansea,35690,4377,1435,1966,3020,14531,797,249,256,790,761,3,133,143,6,396434,276167012,206384168,-4149.72266368,54034.32884582,51.5744962203548,2976.93274976903
330,-1484.158351,43110.476454,Swindon,32620,3358,1097,1597,2377,11338,591,245,234,602,723,3,9,97,4,25080,349908636,155967504,-1449.34812,43118.89791924,24.955023606471,984.98034083314
331,-1649.321144,42193.576898,Tameside,25950,3279,1103,1468,2241,11060,553,236,211,578,624,3,48,105,9,209085,311644743,314018055,-1638.7529211,42194.66921769,11.0236725707815,527.652788169907
332,-533.795707,16681.867476,Tamworth,10780,1294,407,585,928,4369,216,101,80,237,263,2,11,39,2,68789,133601235,95908350,-533.98966683,16680.63882158,1.29924016511324,116.668012203822
333,-40.650507,32692.006044,Tandridge,31820,2442,967,1270,1832,8407,402,236,180,458,488,4,43,96,7,148654,342200870,95907350,-30.6559,32688.44635254,20.381389502744,583.005340659907
334,-1567.620854,25659.762048,Taunton Deane,21160,1960,655,943,1429,6752,349,154,132,371,410,4,27,61,1,104624,160118481,62105410,-1592.20629018,25655.41000378,29.8017672135058,1042.97582367581
335,-2255.205819,31712.948012,Teignbridge,29690,2506,839,1150,1785,8265,407,220,140,487,519,3,20,82,3,53295,177484263,50317377,-2291.03291373,31732.59475419,53.6773515160884,1338.45190620103
336,-1406.342496,30089.476324,Telford and Wrekin,22760,2323,760,1007,1641,7798,373,198,152,419,480,0,8,71,12,11420,209576985,178755547,-1421.45306432,30099.79024205,22.0673809234672,789.797684565755
337,434.261323,20488.749633,Tendring,17860,1652,561,720,1096,5207,260,135,91,304,329,4,17,41,4,43055,242610185,87754385,438.12726525,20483.4872631,17.4026654292471,1051.4374657686
338,-1024.466974,35284.300408,Test Valley,33700,2778,909,1277,1926,8938,478,213,171,520,570,9,15,94,3,87066,300536630,94894339,-1037.97877455,35333.71183623,55.7257838834012,1482.92355549439
339,-902.088094,21910.998562,Tewkesbury,19430,1719,575,804,1189,5593,299,123,105,317,355,1,6,56,4,48952,163038434,95489738,-928.39156844,21916.50618938,22.8744221945263,1019.35459382403
340,881.483999,32871.645362,Thanet,22340,2639,828,1186,1843,8829,499,141,127,513,518,3,47,65,7,91520,404380160,106721920,850.1107008,32865.6201152,8.53134579246272,438.07697943287
341,-199.574467,23298.60072,Three Rivers,20310,1853,656,916,1285,5904,319,132,120,331,368,3,23,55,2,59532,228798163,88584518,-202.97255,23296.99971566,5.20468454130931,389.262198305017
342,245.850408,37697.165817,Thurrock,33970,3046,1044,1483,2069,10002,525,207,205,527,610,3,29,81,9,24888,411476232,132920952,245.14825668,37705.2768852,15.4896223655888,816.372896932329
343,247.850017,33229.344225,Tonbridge and Malling,31350,2696,869,1223,1861,8796,434,214,170,478,518,5,33,82,10,93312,365481072,99725904,226.35028152,33216.89419512,20.0417072097905,993.234617537027
344,-1967.136794,27951.885031,Torbay,19390,2321,686,947,1609,7661,373,181,99,455,448,0,16,89,1,14958,160510420,35792832,-1969.5973646,27960.8667444,4.41440270726648,472.351208757289
345,-585.310622,9974.312222,Torfaen,7570,803,274,353,542,2634,129,64,45,148,150,0,9,31,3,74691,63199587,38692640,-588.84490877,9977.78356492,3.16880872078646,179.124178557499
346,-1149.350103,13800.945206,Torridge,13100,1087,417,471,764,3753,144,127,63,208,207,3,6,52,3,23306,66179826,31003755,-1142.89099645,13796.07342542,34.1144926829937,949.814870488687
347,-64.086665,74442.93006,Tower Hamlets,44260,5793,1644,2550,4132,20132,1223,222,410,1035,1287,1,12,142,3,466735,775018525,262196695,-52.598,74439.94031535,3.7023062150321,466.047283857421
348,-1804.478534,41301.204518,Trafford,26770,3169,1048,1463,2239,10488,550,223,204,569,608,1,48,109,7,205618,290485670,302368226,-1828.70158319,41291.1167527,11.0839918871461,571.316902608765
349,207.981929,30525.928136,Tunbridge Wells,24770,2416,794,1107,1694,8009,401,196,151,446,471,3,44,73,6,86565,342163983,81549603,281.564304,30508.21581882,25.3898331751834,1050.62620590226
350,100.321641,19680.685036,Uttlesford,20460,1532,522,726,1038,4891,247,132,100,279,311,2,15,45,6,41690,211418328,86739835,111.609815,19683.71395288,31.7556717758111,728.04173642647
351,-1693.603838,26386.666601,Vale of Glamorgan,19800,2115,706,927,1456,6948,355,158,133,380,391,5,25,89,3,195966,155411298,88791579,-1743.18941052,26393.01869376,21.9756027482319,662.649083396099
352,-820.341564,31360.474997,Vale of White Horse,28170,2578,819,1126,1696,7912,390,217,163,444,516,5,17,66,3,123221,264465651,118484579,-901.65601,31354.23924673,45.6310470109105,1231.75545008127
353,-1995.073805,75254.6963,Wakefield,50590,5880,2094,2580,3937,19083,994,408,403,999,1225,7,25,135,10,409384,614589132,586365470,-1992.12985402,75230.2287533,64.5672652614274,1875.75718057429
354,-2165.0905,57169.19905,Walsall,37400,4452,1528,2067,3108,15051,735,352,301,786,814,4,85,172,12,310882,437080526,326973948,-2141.86831261,57181.66767522,15.0040602650181,766.076514309467
355,-13.104788,66496.475838,Waltham Forest,40170,5283,1572,2325,3738,18048,1074,215,355,934,1148,4,19,108,10,417636,692614503,245267053,-24.24609,66505.45011159,6.49224905966316,472.471158718137
356,-345.398165,101833.749743,Wandsworth,59620,8205,2253,3597,5675,26888,1578,401,575,1404,1695,2,28,242,12,643175,1039275808,344617123,-396.21560979,101824.27735604,8.770822743398,902.905192148656
357,-3517.549158,72941.410714,Warrington,53940,5698,1860,2619,3892,18399,900,466,352,1014,1139,10,19,189,9,9562,495508304,530630896,-3499.24130196,72932.96421682,33.3513145699501,1848.54309760886
358,-1088.506897,36348.203759,Warwick,31300,2913,942,1287,1960,9225,446,249,184,511,560,7,31,91,6,166800,297796380,185643535,-1100.66458475,36349.4857185,25.9241702528758,939.425247530944
359,-133.338253,17463.00411,Watford,11190,1388,451,653,976,4735,239,99,85,253,284,0,15,38,1,44954,172529058,66990586,-136.65001662,17465.03443776,0.940064025455178,103.476507002042
360,780.627364,24547.782384,Waveney,18290,1969,603,874,1338,6311,297,171,107,361,369,4,24,59,12,104832,300596868,134732520,731.5948926,24539.69668644,22.8619560075866,848.346713008598
361,-424.864791,31674.474576,Waverley,25170,2474,852,1135,1766,8160,380,239,186,433,444,4,60,105,6,144846,307248697,87053065,-385.90317619,31666.09655665,27.4628817515951,899.838443331385
362,170.996777,42328.539538,Wealden,39700,3450,1201,1570,2282,10922,563,268,209,622,692,7,19,105,8,81438,461244888,97370763,170.482143,42325.45502097,88.8023931483827,2121.62486114637
363,-219.218005,16474.374087,Wellingborough,13780,1350,421,587,868,4275,183,132,105,210,253,4,4,52,2,58275,153652905,84050505,-224.98875945,16472.16258975,6.77010976028258,244.101623949475
364,-124.203357,31065.051471,Welwyn Hatfield,27250,2426,837,1175,1732,8063,387,213,148,452,469,2,26,95,8,153000,315207000,125080200,-111.107994,31056.523134,10.1181528186798,570.280607751665
365,-924.177879,38731.660915,West Berkshire,35870,3106,987,1390,2139,10030,512,241,203,550,637,6,16,89,5,27861,339282975,129587535,-959.05095012,38738.53000041,68.6034199842574,1490.08444180398
366,-1372.171094,17119.286282,West Devon,17260,1370,505,579,957,4482,197,141,68,270,264,5,14,49,6,29406,86656102,29405324,-1363.34659578,17124.7290513,49.8990042570445,931.727300685748
367,-1475.522063,29237.295896,West Dorset,28010,2429,856,1102,1591,7684,371,205,117,459,483,9,2,77,5,52992,206072640,57405888,-1497.95137152,29257.90356672,79.4730101946555,1908.05899533223
368,-1402.907119,17454.946731,West Dunbartonshire,11700,1265,384,544,878,4269,180,132,82,230,233,2,10,64,3,113256,75786048,212655144,-1410.47088936,17472.44036928,7.95954802546176,385.821322250663
369,-1966.569118,37023.990279,West Lancashire,29010,2876,1041,1236,1908,9267,452,239,158,533,552,7,25,103,4,107796,236744201,285568188,-1982.4306991,37046.45048693,32.5400513371607,1244.43521076518
370,-332.144005,33781.225535,West Lindsey,32390,2498,941,1132,1774,8391,382,251,146,487,537,8,19,57,12,108243,316065762,247076358,-321.39943266,33802.47865926,98.8528965080732,1928.0086063889
371,-2431.43311,38065.192821,West Lothian,28350,2878,929,1197,1911,9036,379,302,162,519,501,6,28,128,18,247884,203947923,455258034,-2457.79035129,38067.35549964,41.9342752550597,1181.09475166097
372,-668.881491,23163.162132,West Oxfordshire,21490,1760,624,800,1234,6014,274,173,113,334,353,6,31,53,4,91188,194151321,96469752,-671.80525341,23172.43573359,41.6709260302901,825.882901082688
373,-610.065587,9157.188657,West Somerset,8530,714,279,309,502,2373,104,75,44,135,132,6,8,32,1,37411,52763472,24469658,-627.38426537,9150.46205525,16.7188354624,388.190529671541
374,-437.308334,148100.471098,Westminster,87000,11794,3289,4644,8157,38876,2350,525,984,1891,2516,1,36,311,11,937250,1518770500,520004125,-439.73125,148097.60619375,7.99066795283938,894.102789247145
375,-450.384765,9262.630956,Weymouth and Portland,6060,710,234,341,524,2358,139,44,45,138,162,1,2,18,0,17019,67376025,14916330,-448.59521268,9265.72929333,0.972731851237092,146.666414612009
376,-2869.450918,59247.874249,Wigan,37270,4569,1582,2093,3138,15591,723,384,333,774,854,4,73,173,3,295569,400884552,445153482,-2847.72423465,59240.49622749,28.2391971713213,1161.42426106891
377,-3937.173603,101643.528821,Wiltshire,93990,8123,2794,3721,5555,26208,1292,689,547,1434,1644,18,55,249,15,104993,802719029,314707603,-3816.61439019,101682.41365632,831.691469584938,9111.73761407335
378,-834.94912,33878.222969,Winchester,32220,2813,886,1285,1836,8738,460,204,167,497,564,1,17,78,4,84328,300868360,83598264,-825.96950672,33883.93438888,56.2711422682052,1313.23503844555
379,-491.643201,37225.199214,Windsor and Maidenhead,31300,3032,946,1380,2064,9572,542,181,214,509,601,6,22,86,8,28920,355773117,127639143,-488.32140831,37220.28513315,18.5730719805765,962.900500504838
380,-3458.679923,60525.418151,Wirral,37740,4663,1666,2041,3174,15573,814,320,277,857,948,1,36,145,4,308448,373360428,438786558,-3475.73277072,60526.72656828,24.0540642730037,1011.70906710021
381,-293.975465,27148.406359,Woking,18490,2216,681,981,1503,7067,380,149,157,372,412,8,49,58,2,124315,264017023,83339718,-306.72476942,27142.12703172,4.33678675725006,338.211398786545
382,-615.722385,35435.08504,Wokingham,29220,2865,903,1247,1981,9174,491,198,204,485,593,6,19,69,2,28249,328393936,117062478,-619.65214311,35430.41831693,15.9463087762264,684.379091793641
383,-1952.391162,48485.074219,Wolverhampton,28780,3853,1234,1687,2636,12707,627,295,260,662,703,5,82,127,5,264614,360928886,276614752,-1961.51812,48495.24657704,8.49552127237284,603.500112820414
384,-724.401543,17068.262986,Worcester,10220,1373,413,561,938,4517,236,91,76,251,280,0,1,42,4,82077,126132075,83449092,-722.7517173,17067.7062708,1.43207277489988,118.972448073506
385,-160.637384,20939.603155,Worthing,13680,1709,493,773,1161,5485,325,87,93,319,351,1,13,44,3,101764,211223748,43238576,-165.32324,20943.23694044,1.7096625958403,138.250141929734
386,-1853.276442,32777.819418,Wrexham,26150,2648,861,1148,1738,8642,399,219,181,437,491,4,29,88,6,231750,206117214,213449166,-1849.07448438,32755.03257912,41.6788738287996,1413.74023731257
387,-1081.437738,27132.840418,Wychavon,25890,2029,741,970,1455,6642,336,184,138,382,437,9,4,64,6,131040,207475320,128876280,-1048.3927896,27107.0074444,45.3450386506889,1327.47849577362
388,-527.752126,35366.710604,Wycombe,29270,2806,953,1277,1929,9279,459,226,224,461,549,2,37,89,8,41100,330496745,134980620,-554.0485637,35391.34613005,28.893045180298,891.576346884327
389,-1787.498729,32600.271542,Wyre,23180,2414,822,1116,1692,8236,439,166,131,474,503,3,25,73,1,94985,210072335,269321195,-1696.79511815,32609.44553185,23.3422444447202,1318.0545299695
390,-1002.138936,23256.203886,Wyre Forest,17210,1856,588,816,1242,6092,331,113,110,334,387,1,6,48,2,112332,170543064,122716272,-992.3133822,23259.07305792,11.4593249518036,523.582624240393
391,-1064.676729,53208.312743,York,38150,4089,1241,1860,2804,13476,698,288,255,731,826,4,40,106,10,13804,454411904,446252754,-1058.71751972,53210.29882566,36.7244500714377,1211.20330113813
